strategy,n,proxy_score,predicted_final,predicted_final_error,true_return,true_final,true_final_error,true_success,proxy_true_gap,hallucinated_rollout,mean_selected_action,retrieval_stale_rate,retrieval_precision,memory_gate,retrieval_disagreement,dropout_variance,diagnostic_risk,trial,seed,stale_fraction,regime
base_bon,1,-12.225475940408291,-6.045475940408292,12.045475940408291,-12.18,-6.0,12.0,0.0,-0.04547594040829139,0.0,0.75,0.0,,0.0,0.0,0.0,0.0,0,1342392264,0.85,reverse
base_bon,4,-1.2630552638096741,7.053055263809674,1.0530552638096742,-1.21,7.0,1.0,1.0,-0.05305526380967418,0.0,-0.875,0.0,,0.0,0.0,0.0,0.0,0,1342422183,0.85,reverse
base_bon,16,-0.22547594040829227,6.045475940408292,0.04547594040829228,-0.18,6.0,0.0,1.0,-0.04547594040829228,0.0,-0.75,0.0,,0.0,0.0,0.0,0.0,0,1342541859,0.85,reverse
base_bon,64,-0.22547594040829227,6.045475940408292,0.04547594040829228,-0.18,6.0,0.0,1.0,-0.04547594040829228,0.0,-0.75,0.0,,0.0,0.0,0.0,0.0,0,1343020563,0.85,reverse
memory_bon,1,-3.2713704537929837,2.9086295462070164,3.0913704537929836,-12.18,-6.0,12.0,0.0,8.908629546207017,0.0,0.75,0.8055555555555555,0.19444444444444442,0.86,0.3277777777777778,0.009849560529840495,1.2515280596914193,0,1342392264,0.85,reverse
memory_bon,4,-3.915235533890513,2.3247644661094866,3.6752355338905134,-14.24,-8.0,14.0,0.0,10.324764466109487,0.0,1.0,0.8055555555555556,0.19444444444444445,0.86,0.3958333333333333,0.044144301661960865,1.60526255014178,0,1342422183,0.85,reverse
memory_bon,16,-3.0681289782622625,3.1418710217377375,2.8581289782622625,-13.21,-7.0,13.0,0.0,10.141871021737739,0.0,0.875,0.8055555555555556,0.19444444444444445,0.86,0.33333333333333337,0.013209217840523993,1.2973995029751768,0,1342541859,0.85,reverse
memory_bon,64,-3.0413357504680714,3.1686642495319286,2.8313357504680714,-13.21,-7.0,13.0,0.0,10.168664249531929,0.0,0.875,0.7916666666666665,0.20833333333333331,0.86,0.3333333333333333,0.012660309412727375,1.2769237129527284,0,1343020563,0.85,reverse
oracle_memory_bon,1,-11.080016774383076,-4.900016774383077,10.900016774383076,-12.18,-6.0,12.0,0.0,1.0999832256169242,0.0,0.75,0.0,1.0,0.86,0.0,0.0049165521020164615,0.05899862522419755,0,1342392264,0.85,reverse
oracle_memory_bon,4,-2.547485362556093,3.662514637443907,2.337485362556093,-1.21,7.0,1.0,1.0,-1.3374853625560932,0.0,-0.875,0.0,1.0,0.86,0.0,0.008462549619125386,0.10155059542950462,0,1342422183,0.85,reverse
oracle_memory_bon,16,-2.387947546767875,3.8520524532321248,2.1479475467678752,-2.24,8.0,2.0,0.0,-0.1479475467678748,0.0,-1.0,0.0,1.0,0.86,0.0,0.008767274891495327,0.1052072986979439,0,1342541859,0.85,reverse
oracle_memory_bon,64,-2.3724424547382057,3.8375575452617943,2.1624424547382057,-1.21,7.0,1.0,1.0,-1.1624424547382057,0.0,-0.875,0.0,1.0,0.86,0.0,0.0070819579268477486,0.08498349512217299,0,1343020563,0.85,reverse
repaired_memory_bon,1,-11.194420185484772,-4.2507848871555876,10.250784887155588,-12.18,-6.0,12.0,0.0,0.9855798145152281,0.0,0.75,0.4545454545454546,0.5454545454545454,0.4160005077964225,0.332936507936508,0.007924441322765534,0.8484836648102039,0,1342392264,0.85,reverse
repaired_memory_bon,4,-3.1056800691155617,4.166900710932328,1.8330992890676718,-1.21,7.0,1.0,1.0,-1.8956800691155617,0.0,-0.875,0.4431818181818182,0.5568181818181819,0.2765688849173366,0.5516865079365079,0.01918071151689088,1.1806453111643223,0,1342422183,0.85,reverse
repaired_memory_bon,16,-2.77011791240392,4.5993816271676575,1.4006183728323425,-2.24,8.0,2.0,0.0,-0.5301179124039197,0.0,-1.0,0.5113636363636364,0.48863636363636365,0.24467094287771232,0.5829365079365079,0.01772427287879969,1.2549994884128637,0,1342541859,0.85,reverse
repaired_memory_bon,64,-2.77011791240392,4.5993816271676575,1.4006183728323425,-2.24,8.0,2.0,0.0,-0.5301179124039197,0.0,-1.0,0.5113636363636364,0.48863636363636365,0.24467094287771232,0.5829365079365079,0.01772427287879969,1.2549994884128637,0,1343020563,0.85,reverse
base_bon,1,-7.2005746832178295,-0.9905746832178292,6.9905746832178295,-7.21,-1.0,7.0,0.0,0.009425316782170512,0.0,0.125,0.0,,0.0,0.0,0.0,0.0,1,1926761938,0.85,reverse
base_bon,4,-0.23655190069302395,5.943448099306976,0.05655190069302396,-0.18,6.0,0.0,1.0,-0.05655190069302396,0.0,-0.75,0.0,,0.0,0.0,0.0,0.0,1,1926791857,0.85,reverse
base_bon,16,-1.1971265839108534,4.9528734160891466,1.0471265839108534,-1.15,5.0,1.0,1.0,-0.04712658391085345,0.0,-0.625,0.0,,0.0,0.0,0.0,0.0,1,1926911533,0.85,reverse
base_bon,64,-0.29655190069302395,5.943448099306976,0.05655190069302396,-0.24,6.0,0.0,1.0,-0.05655190069302396,0.0,-0.75,0.0,,0.0,0.0,0.0,0.0,1,1927390237,0.85,reverse
memory_bon,1,-6.1683518810107305,0.04164811898926957,5.9583518810107305,-7.21,-1.0,7.0,0.0,1.0416481189892695,0.0,0.125,0.875,0.125,0.86,0.25,0.0074655786880942696,1.2145869442571313,1,1926761938,0.85,reverse
memory_bon,4,-3.3272481398675575,2.9127518601324422,3.0872481398675578,-10.24,-4.0,10.0,0.0,6.912751860132443,0.0,0.5,0.8472222222222221,0.1527777777777778,0.86,0.3055555555555556,0.012116318429066013,1.29817359892657,1,1926791857,0.85,reverse
memory_bon,16,-2.8135966911222496,3.4264033088777506,2.5735966911222494,-12.24,-6.0,12.0,0.0,9.42640330887775,0.0,0.75,0.8888888888888888,0.1111111111111111,0.86,0.2222222222222222,0.00816954784672035,1.2091456852717553,1,1926911533,0.85,reverse
memory_bon,64,-1.6477562947645266,4.592243705235473,1.4077562947645266,-14.24,-8.0,14.0,0.0,12.592243705235473,1.0,1.0,0.9166666666666666,0.08333333333333333,0.86,0.16666666666666666,0.0071370784394910874,1.1689782746072264,1,1927390237,0.85,reverse
oracle_memory_bon,1,-9.416964147154815,-3.206964147154813,9.206964147154814,-7.21,-1.0,7.0,0.0,-2.2069641471548147,0.0,0.125,0.0,1.0,0.86,0.0,0.005829657588620883,0.0699558910634506,1,1926761938,0.85,reverse
oracle_memory_bon,4,-1.076515483032581,5.103484516967419,0.896515483032581,-0.18,6.0,0.0,1.0,-0.896515483032581,0.0,-0.75,0.0,1.0,0.86,0.0,0.00444116748236478,0.05329400978837736,1,1926791857,0.85,reverse
oracle_memory_bon,16,-1.144148458404497,5.065851541595503,0.934148458404497,-1.21,5.0,1.0,1.0,0.065851541595503,0.0,-0.625,0.0,1.0,0.86,0.0,0.005692036546672472,0.06830443856006965,1,1926911533,0.85,reverse
oracle_memory_bon,64,-0.3705978981455045,6.1305978981455045,0.1305978981455045,-2.24,8.0,2.0,0.0,1.8694021018544957,0.0,-1.0,0.0,1.0,0.86,0.0,0.005654302330464077,0.06785162796556891,1,1927390237,0.85,reverse
repaired_memory_bon,1,-7.464331798408606,-0.6695197788154955,6.669519778815496,-7.21,-1.0,7.0,0.0,-0.2543317984086064,0.0,0.125,0.14772727272727273,0.8522727272727273,0.5312308539939505,0.22499999999999998,0.028091842688267626,0.6497911328812342,1,1926761938,0.85,reverse
repaired_memory_bon,4,-2.271875870458537,4.850643656460181,1.1493563435398189,-0.18,6.0,0.0,1.0,-2.0918758704585367,0.0,-0.75,0.3409090909090909,0.6590909090909091,0.33271169386956345,0.5743055555555555,0.015583936119090147,1.0472439187985754,1,1926791857,0.85,reverse
repaired_memory_bon,16,-2.3196840851719194,4.394583846266297,1.605416153733703,-1.15,5.0,1.0,1.0,-1.1696840851719195,0.0,-0.625,0.24999999999999997,0.75,0.5201605265840035,0.275,0.010229597733191759,0.6269643682646847,1,1926911533,0.85,reverse
repaired_memory_bon,64,-1.4204148032714046,5.583379641066847,0.4166203589331534,-1.21,7.0,1.0,1.0,-0.2104148032714046,0.0,-0.875,0.38636363636363635,0.6136363636363636,0.4032037112777929,0.35,0.014152156477061768,0.8819938270425012,1,1927390237,0.85,reverse
base_bon,1,-0.26000629304086487,5.979993706959135,0.020006293040864875,-0.24,6.0,0.0,1.0,-0.020006293040864875,0.0,-0.75,0.0,,0.0,0.0,0.0,0.0,2,1665782307,0.85,reverse
base_bon,4,-1.2266719108673874,4.983328089132613,1.0166719108673874,-1.21,5.0,1.0,1.0,-0.016671910867387396,0.0,-0.625,0.0,,0.0,0.0,0.0,0.0,2,1665812226,0.85,reverse
base_bon,16,-0.26000629304086487,5.979993706959135,0.020006293040864875,-0.24,6.0,0.0,1.0,-0.020006293040864875,0.0,-0.75,0.0,,0.0,0.0,0.0,0.0,2,1665931902,0.85,reverse
base_bon,64,-0.20000629304086487,5.979993706959135,0.020006293040864875,-0.18,6.0,0.0,1.0,-0.020006293040864875,0.0,-0.75,0.0,,0.0,0.0,0.0,0.0,2,1666410606,0.85,reverse
memory_bon,1,-8.069557570584735,-1.8295575705847351,7.829557570584735,-0.24,6.0,0.0,1.0,-7.8295575705847344,0.0,-0.75,0.8055555555555556,0.19444444444444442,0.86,0.3888888888888889,0.012811407494580053,1.348181334379405,2,1665782307,0.85,reverse
memory_bon,4,-3.8561658066688027,2.3238341933311975,3.6761658066688025,-12.18,-6.0,12.0,0.0,8.323834193331198,0.0,0.75,0.8194444444444444,0.18055555555555552,0.86,0.2777777777777778,0.013760857547764288,1.2623525127953938,2,1665812226,0.85,reverse
memory_bon,16,-2.983390415742889,3.2566095842571112,2.7433904157428888,-14.24,-8.0,14.0,0.0,11.256609584257111,0.0,1.0,0.8333333333333333,0.16666666666666666,0.86,0.3368055555555556,0.01698121298665842,1.37391344472879,2,1665931902,0.85,reverse
memory_bon,64,-2.983390415742889,3.2566095842571112,2.7433904157428888,-14.24,-8.0,14.0,0.0,11.256609584257111,0.0,1.0,0.8333333333333333,0.16666666666666666,0.86,0.3368055555555556,0.01698121298665842,1.37391344472879,2,1666410606,0.85,reverse
oracle_memory_bon,1,-2.447942848871958,3.792057151128042,2.207942848871958,-0.24,6.0,0.0,1.0,-2.2079428488719577,0.0,-0.75,0.0,1.0,0.86,0.0,0.008798163186868775,0.10557795824242529,2,1665782307,0.85,reverse
oracle_memory_bon,4,-2.6230954998729166,3.5869045001270834,2.4130954998729166,-1.21,5.0,1.0,1.0,-1.4130954998729166,0.0,-0.625,0.0,1.0,0.86,0.0,0.009243270966805337,0.11091925160166403,2,1665812226,0.85,reverse
oracle_memory_bon,16,-2.1490295952929133,4.090970404707087,1.909029595292913,-2.24,8.0,2.0,0.0,0.09097040470708695,0.0,-1.0,0.0,1.0,0.86,0.0,0.011941046147832896,0.14329255377399475,2,1665931902,0.85,reverse
oracle_memory_bon,64,-2.325078714887857,3.884921285112143,2.115078714887857,-1.21,7.0,1.0,1.0,-1.115078714887857,0.0,-0.875,0.0,1.0,0.86,0.0,0.011530996544939545,0.13837195853927453,2,1666410606,0.85,reverse
repaired_memory_bon,1,-3.307482757320712,3.7437103470159157,2.2562896529840843,-0.24,6.0,0.0,1.0,-3.067482757320712,0.0,-0.75,0.4772727272727273,0.5227272727272727,0.3933312869328743,0.3940476190476191,0.006365176287281286,0.9013256714851415,2,1665782307,0.85,reverse
repaired_memory_bon,4,-3.6003139651432776,3.1200484038340193,2.8799515961659807,-1.21,5.0,1.0,1.0,-2.3903139651432777,0.0,-0.625,0.26136363636363635,0.7386363636363636,0.5367272707874885,0.24861111111111112,0.0067418727182558804,0.5670692988636633,2,1665812226,0.85,reverse
repaired_memory_bon,16,-2.6018253281022687,4.465428997319099,1.5345710026809014,-2.24,8.0,2.0,0.0,-0.36182532810226853,0.0,-1.0,0.5568181818181819,0.44318181818181823,0.38567543821581496,0.30515873015873013,0.0073548835883789606,0.9191714726904081,2,1665931902,0.85,reverse
repaired_memory_bon,64,-3.0155824180620745,3.938018532747416,2.061981467252584,-1.21,7.0,1.0,1.0,-1.8055824180620745,0.0,-0.875,0.47727272727272724,0.5227272727272727,0.4255502134474761,0.29126984126984123,0.007240799023222819,0.8262232786772117,2,1666410606,0.85,reverse
base_bon,1,-1.2042892205681284,6.994289220568128,0.9942892205681284,-1.21,7.0,1.0,1.0,0.005710779431871593,0.0,-0.875,0.0,,0.0,0.0,0.0,0.0,3,483638730,0.85,reverse
base_bon,4,-2.183263302532498,3.9967366974675023,2.0032633025324977,-2.18,4.0,2.0,0.0,-0.003263302532497736,0.0,-0.5,0.0,,0.0,0.0,0.0,0.0,3,483668649,0.85,reverse
base_bon,16,-0.24489495379874682,5.995105046201253,0.004894953798746826,-0.24,6.0,0.0,1.0,-0.004894953798746826,0.0,-0.75,0.0,,0.0,0.0,0.0,0.0,3,483788325,0.85,reverse
base_bon,64,-0.18489495379874682,5.995105046201253,0.004894953798746826,-0.18,6.0,0.0,1.0,-0.004894953798746826,0.0,-0.75,0.0,,0.0,0.0,0.0,0.0,3,484267029,0.85,reverse
memory_bon,1,-9.191282896824585,-2.981282896824584,8.981282896824585,-1.21,7.0,1.0,1.0,-7.9812828968245855,0.0,-0.875,0.8333333333333333,0.16666666666666666,0.86,0.3625,0.03645036402790001,1.5200777891843948,3,483638730,0.85,reverse
memory_bon,4,-4.304343403779358,1.935656596220642,4.0643434037793575,-10.24,-4.0,10.0,0.0,5.9356565962206425,0.0,0.5,0.8472222222222221,0.1527777777777778,0.86,0.3055555555555556,0.007480254945382308,1.2425408371223656,3,483668649,0.85,reverse
memory_bon,16,-3.214833173612363,3.0251668263876366,2.9748331736123634,-12.24,-6.0,12.0,0.0,9.025166826387636,0.0,0.75,0.8472222222222221,0.1527777777777778,0.86,0.3055555555555556,0.00876851558238151,1.257999964766356,3,483788325,0.85,reverse
memory_bon,64,-3.214833173612363,3.0251668263876366,2.9748331736123634,-12.24,-6.0,12.0,0.0,9.025166826387636,0.0,0.75,0.8472222222222221,0.1527777777777778,0.86,0.3055555555555556,0.00876851558238151,1.257999964766356,3,484267029,0.85,reverse
oracle_memory_bon,1,-2.653507435694989,3.556492564305011,2.443507435694989,-1.21,7.0,1.0,1.0,-1.4435074356949888,0.0,-0.875,0.0,1.0,0.86,0.0,0.011653514836322695,0.13984217803587234,3,483638730,0.85,reverse
oracle_memory_bon,4,-3.7253044437467375,2.4546955562532626,3.5453044437467374,-2.18,4.0,2.0,0.0,-1.5453044437467374,0.0,-0.5,0.0,1.0,0.86,0.0,0.0071979657427028755,0.0863755889124345,3,483668649,0.85,reverse
oracle_memory_bon,16,-2.628622894172808,3.581377105827192,2.418622894172808,-1.21,7.0,1.0,1.0,-1.4186228941728078,0.0,-0.875,0.0,1.0,0.86,0.0,0.011439715972355113,0.13727659166826137,3,483788325,0.85,reverse
oracle_memory_bon,64,-2.3650138337697975,3.8749861662302023,2.1250138337697977,-2.24,8.0,2.0,0.0,-0.12501383376979724,0.0,-1.0,0.0,1.0,0.86,0.0,0.011567681777517186,0.13881218133020623,3,484267029,0.85,reverse
repaired_memory_bon,1,-4.15873534818169,3.1045962866986403,2.8954037133013597,-1.21,7.0,1.0,1.0,-2.94873534818169,0.0,-0.875,0.5340909090909092,0.46590909090909094,0.2779119207070426,0.7177489177489178,0.0018707852873483988,1.1703684832003667,3,483638730,0.85,reverse
repaired_memory_bon,4,-4.8528332339030555,2.278677728769409,3.721322271230591,-2.18,4.0,2.0,0.0,-2.6728332339030554,0.0,-0.5,0.36363636363636365,0.6363636363636364,0.33893690628663853,0.5761363636363637,0.014563009303009447,1.057234402969405,3,483668649,0.85,reverse
repaired_memory_bon,16,-3.8310556046032325,3.2529580012645516,2.7470419987354484,-0.24,6.0,0.0,1.0,-3.5910556046032323,0.0,-0.75,0.43181818181818177,0.5681818181818181,0.37768684786968987,0.5045454545454546,0.005507934087630725,0.9377928954086485,3,483788325,0.85,reverse
repaired_memory_bon,64,-3.7634545125614167,3.493091802920776,2.506908197079224,-2.24,8.0,2.0,0.0,-1.5234545125614165,0.0,-1.0,0.5681818181818181,0.4318181818181818,0.2954462562868217,0.6356060606060606,0.001503495456739645,1.129495906091325,3,484267029,0.85,reverse
base_bon,1,-7.2035891476817175,-0.9935891476817171,6.993589147681718,-7.21,-1.0,7.0,0.0,0.006410852318282423,0.0,0.125,0.0,,0.0,0.0,0.0,0.0,4,644612161,0.85,reverse
base_bon,4,-0.2784651139096963,5.961534886090304,0.038465113909696313,-0.24,6.0,0.0,1.0,-0.038465113909696313,0.0,-0.75,0.0,,0.0,0.0,0.0,0.0,4,644642080,0.85,reverse
base_bon,16,-0.2784651139096963,5.961534886090304,0.038465113909696313,-0.24,6.0,0.0,1.0,-0.038465113909696313,0.0,-0.75,0.0,,0.0,0.0,0.0,0.0,4,644761756,0.85,reverse
base_bon,64,-0.2184651139096963,5.961534886090304,0.038465113909696313,-0.18,6.0,0.0,1.0,-0.038465113909696313,0.0,-0.75,0.0,,0.0,0.0,0.0,0.0,4,645240460,0.85,reverse
memory_bon,1,-5.29397250846866,0.9160274915313397,5.08397250846866,-7.21,-1.0,7.0,0.0,1.9160274915313398,0.0,0.125,0.9027777777777777,0.09722222222222222,0.86,0.1388888888888889,0.011840650046536191,1.183754467225101,4,644612161,0.85,reverse
memory_bon,4,-2.0349668190436923,4.175033180956308,1.8249668190436923,-13.21,-7.0,13.0,0.0,11.175033180956309,0.0,0.875,0.875,0.125,0.86,0.2534722222222222,0.009045673337641155,1.2370203022739164,4,644642080,0.85,reverse
memory_bon,16,-2.2915857055211637,3.9184142944788363,2.0815857055211637,-13.21,-7.0,13.0,0.0,10.918414294478836,0.0,0.875,0.875,0.125,0.86,0.2534722222222222,0.010283559931952424,1.2518749414056514,4,644761756,0.85,reverse
memory_bon,64,-1.8912290651578578,4.318770934842142,1.6812290651578579,-13.21,-7.0,13.0,0.0,11.318770934842142,0.0,0.875,0.861111111111111,0.1388888888888889,0.86,0.3368055555555555,0.008750682494752512,1.3029248566036968,4,645240460,0.85,reverse
oracle_memory_bon,1,-6.873788910154112,-0.6637889101541126,6.663788910154112,-7.21,-1.0,7.0,0.0,0.33621108984588766,0.0,0.125,0.0,1.0,0.86,0.0,0.012211312670291435,0.14653575204349722,4,644612161,0.85,reverse
oracle_memory_bon,4,-0.2689689509672035,6.0289689509672035,0.028968950967203533,-0.24,6.0,0.0,1.0,-0.028968950967203533,0.0,-0.75,0.0,1.0,0.86,0.0,0.005438974976564957,0.06526769971877948,4,644642080,0.85,reverse
oracle_memory_bon,16,-0.2689689509672035,6.0289689509672035,0.028968950967203533,-0.24,6.0,0.0,1.0,-0.028968950967203533,0.0,-0.75,0.0,1.0,0.86,0.0,0.005438974976564957,0.06526769971877948,4,644761756,0.85,reverse
oracle_memory_bon,64,-0.1939415650859025,5.9860584349140975,0.013941565085902496,-0.18,6.0,0.0,1.0,-0.013941565085902496,0.0,-0.75,0.0,1.0,0.86,0.0,0.0057921034270588395,0.06950524112470607,4,645240460,0.85,reverse
repaired_memory_bon,1,-7.031520330440629,0.03177277469763584,5.968227225302364,-7.21,-1.0,7.0,0.0,0.1784796695593709,0.0,0.125,0.22727272727272727,0.7727272727272727,0.44971361988409375,0.2363636363636364,0.04199320351094078,0.9481034501536277,4,644612161,0.85,reverse
repaired_memory_bon,4,-2.9849097827896798,4.06033841632115,1.9396615836788502,-0.24,6.0,0.0,1.0,-2.74490978278968,0.0,-0.75,0.6022727272727273,0.3977272727272727,0.3961650250905048,0.2954545454545454,0.002950795023225986,0.8947202212342547,4,644642080,0.85,reverse
repaired_memory_bon,16,-2.8420453218573423,4.106322090500428,1.893677909499572,-1.21,7.0,1.0,1.0,-1.6320453218573423,0.0,-0.875,0.4659090909090909,0.5340909090909091,0.4280448667761294,0.2954545454545454,0.007383055814830265,0.8204082359530783,4,644761756,0.85,reverse
repaired_memory_bon,64,-2.2545090853586016,4.779332348772473,1.2206676512275267,-2.24,8.0,2.0,0.0,-0.014509085358601403,0.0,-1.0,0.625,0.375,0.40160224973085423,0.25,0.0031818598516726295,0.8820460379234167,4,645240460,0.85,reverse
base_bon,1,-5.148818814887964,1.0011811851120362,4.998818814887963,-5.15,1.0,5.0,0.0,0.0011811851120366867,0.0,-0.125,0.0,,0.0,0.0,0.0,0.0,5,1875951711,0.85,reverse
base_bon,4,-1.2040940744398183,5.005905925560182,0.9940940744398183,-1.21,5.0,1.0,1.0,0.005905925560181657,0.0,-0.625,0.0,,0.0,0.0,0.0,0.0,5,1875981630,0.85,reverse
base_bon,16,-0.24708711067221834,6.007087110672218,0.007087110672218344,-0.24,6.0,0.0,1.0,-0.007087110672218344,0.0,-0.75,0.0,,0.0,0.0,0.0,0.0,5,1876101306,0.85,reverse
base_bon,64,-0.18708711067221834,6.007087110672218,0.007087110672218344,-0.18,6.0,0.0,1.0,-0.007087110672218344,0.0,-0.75,0.0,,0.0,0.0,0.0,0.0,5,1876580010,0.85,reverse
memory_bon,1,-7.172398989681626,-1.0223989896816255,7.0223989896816255,-5.15,1.0,5.0,0.0,-2.0223989896816255,0.0,-0.125,0.8055555555555556,0.19444444444444442,0.86,0.2222222222222222,0.00737362088603485,1.116261228410196,5,1875951711,0.85,reverse
memory_bon,4,-3.166191946675084,3.013808053324916,2.986191946675084,-10.18,-4.0,10.0,0.0,7.013808053324915,0.0,0.5,0.875,0.125,0.86,0.16666666666666666,0.004537157192464193,1.096112552976237,5,1875981630,0.85,reverse
memory_bon,16,-2.0749787411123526,4.135021258887647,1.8649787411123526,-13.21,-7.0,13.0,0.0,11.135021258887647,0.0,0.875,0.861111111111111,0.1388888888888889,0.86,0.1746031746031746,0.004002888820499956,1.0837489515602852,5,1876101306,0.85,reverse
memory_bon,64,-1.5238530710169538,4.716146928983046,1.2838530710169538,-12.24,-6.0,12.0,0.0,10.716146928983047,1.0,0.75,0.8472222222222221,0.15277777777777776,0.86,0.2579365079365079,0.007865159204074938,1.1995406406076294,5,1876580010,0.85,reverse
oracle_memory_bon,1,-5.249495085122247,0.9005049148777537,5.099495085122246,-5.15,1.0,5.0,0.0,-0.09949508512224625,0.0,-0.125,0.0,1.0,0.86,0.0,0.0032521893398965423,0.0390262720787585,5,1875951711,0.85,reverse
oracle_memory_bon,4,-0.5452794011578623,5.664720598842138,0.33527940115786237,-1.21,7.0,1.0,1.0,0.6647205988421376,0.0,-0.875,0.0,1.0,0.86,0.0,0.005748794762198573,0.06898553714638288,5,1875981630,0.85,reverse
oracle_memory_bon,16,-0.5303240235102187,6.290324023510219,0.2903240235102187,-2.24,8.0,2.0,0.0,1.7096759764897815,0.0,-1.0,0.0,1.0,0.86,0.0,0.005262756648170072,0.06315307977804085,5,1876101306,0.85,reverse
oracle_memory_bon,64,-0.2898343160066794,5.9201656839933205,0.07983431600667945,-1.21,7.0,1.0,1.0,0.9201656839933205,0.0,-0.875,0.0,1.0,0.86,0.0,0.005383097771844134,0.0645971732621296,5,1876580010,0.85,reverse
repaired_memory_bon,1,-6.0255548824178,1.0476499590162165,4.9523500409837835,-5.15,1.0,5.0,0.0,-0.8755548824177994,0.0,-0.125,0.3181818181818181,0.6818181818181819,0.37220933808311896,0.4784722222222222,0.027430542168184337,1.0257831571489069,5,1875951711,0.85,reverse
repaired_memory_bon,4,-2.459990716507996,5.016637990005547,0.9833620099944529,-1.21,7.0,1.0,1.0,-1.249990716507996,0.0,-0.875,0.3977272727272727,0.6022727272727273,0.2592658102133712,0.5985119047619047,0.04171646271149869,1.4073652294594923,5,1875981630,0.85,reverse
repaired_memory_bon,16,-1.7550398045660884,5.873799878999233,0.1262001210007666,-2.24,8.0,2.0,0.0,0.4849601954339118,0.0,-1.0,0.4659090909090909,0.5340909090909091,0.20204163335215872,0.6699404761904761,0.04220888204048957,1.5431552039614687,5,1876101306,0.85,reverse
repaired_memory_bon,64,-1.7550398045660884,5.873799878999233,0.1262001210007666,-2.24,8.0,2.0,0.0,0.4849601954339118,0.0,-1.0,0.4659090909090909,0.5340909090909091,0.20204163335215872,0.6699404761904761,0.04220888204048957,1.5431552039614687,5,1876580010,0.85,reverse
base_bon,1,-2.171886569298256,4.008113430701744,1.9918865692982557,-2.18,4.0,2.0,0.0,0.008113430701744306,0.0,-0.5,0.0,,0.0,0.0,0.0,0.0,6,11317127,0.85,reverse
base_bon,4,-4.175943284649128,2.004056715350872,3.995943284649128,-4.18,2.0,4.0,0.0,0.004056715350872153,0.0,-0.25,0.0,,0.0,0.0,0.0,0.0,6,11347046,0.85,reverse
base_bon,16,-0.19217014605261645,6.0121701460526165,0.01217014605261646,-0.18,6.0,0.0,1.0,-0.01217014605261646,0.0,-0.75,0.0,,0.0,0.0,0.0,0.0,6,11466722,0.85,reverse
base_bon,64,-0.19217014605261645,6.0121701460526165,0.01217014605261646,-0.18,6.0,0.0,1.0,-0.01217014605261646,0.0,-0.75,0.0,,0.0,0.0,0.0,0.0,6,11945426,0.85,reverse
memory_bon,1,-8.118363019157211,-1.9383630191572117,7.938363019157212,-2.18,4.0,2.0,0.0,-5.938363019157212,0.0,-0.5,0.875,0.12499999999999999,0.86,0.1388888888888889,0.005012333176144919,1.074036887002628,6,11317127,0.85,reverse
memory_bon,4,-1.8267835347299417,4.413216465270058,1.5867835347299417,-14.24,-8.0,14.0,0.0,12.41321646527006,0.0,1.0,0.8888888888888888,0.1111111111111111,0.86,0.11111111111111112,0.008123591384176568,1.0974830966101188,6,11347046,0.85,reverse
memory_bon,16,-1.8267835347299417,4.413216465270058,1.5867835347299417,-14.24,-8.0,14.0,0.0,12.41321646527006,0.0,1.0,0.8888888888888888,0.1111111111111111,0.86,0.11111111111111112,0.008123591384176568,1.0974830966101188,6,11466722,0.85,reverse
memory_bon,64,-1.8265756411839715,4.4134243588160285,1.5865756411839715,-12.24,-6.0,12.0,0.0,10.413424358816028,0.0,0.75,0.8194444444444444,0.18055555555555555,0.86,0.25,0.013589965926677383,1.232524035564573,6,11945426,0.85,reverse
oracle_memory_bon,1,-2.5977025429708758,3.5822974570291244,2.4177025429708756,-2.18,4.0,2.0,0.0,-0.4177025429708756,0.0,-0.5,0.0,1.0,0.86,0.0,0.004401667539485406,0.05282001047382487,6,11317127,0.85,reverse
oracle_memory_bon,4,-4.239801409979112,1.9401985900208878,4.059801409979112,-4.18,2.0,4.0,0.0,-0.05980140997911221,0.0,-0.25,0.0,1.0,0.86,0.0,0.002762718308231483,0.033152619698777794,6,11347046,0.85,reverse
oracle_memory_bon,16,-1.6317835477951688,4.578216452204831,1.4217835477951688,-1.21,7.0,1.0,1.0,-0.4217835477951688,0.0,-0.875,0.0,1.0,0.86,0.0,0.005390723875306078,0.06468868650367293,6,11466722,0.85,reverse
oracle_memory_bon,64,-1.366115987329758,4.873884012670242,1.126115987329758,-2.24,8.0,2.0,0.0,0.8738840126702423,0.0,-1.0,0.0,1.0,0.86,0.0,0.006210009774268789,0.07452011729122546,6,11945426,0.85,reverse
repaired_memory_bon,1,-3.608854483262118,3.22239025932992,2.77760974067008,-2.18,4.0,2.0,0.0,-1.4288544832621177,0.0,-0.5,0.3977272727272727,0.6022727272727273,0.469573339364462,0.3236111111111111,0.003629182312499382,0.7236052695467086,6,11317127,0.85,reverse
repaired_memory_bon,4,-4.302788222766409,2.15835926120283,3.84164073879717,-4.18,2.0,4.0,0.0,-0.12278822276640966,0.0,-0.25,0.13636363636363635,0.8636363636363636,0.6459863659746626,0.15833333333333333,0.0029599374001560686,0.3123860932991547,6,11347046,0.85,reverse
repaired_memory_bon,16,-2.2507338095185645,4.667201221078651,1.3327987789213491,-1.21,7.0,1.0,1.0,-1.0407338095185645,0.0,-0.875,0.4772727272727273,0.5227272727272727,0.4425509687486606,0.29722222222222217,0.004048775877123871,0.7865944784413503,6,11466722,0.85,reverse
repaired_memory_bon,64,-1.910581776521295,5.123227508198603,0.8767724918013968,-2.24,8.0,2.0,0.0,0.3294182234787053,0.0,-1.0,0.5340909090909091,0.46590909090909094,0.4016175742835152,0.325,0.005119243376038089,0.8820103163554424,6,11945426,0.85,reverse
base_bon,1,-1.1989392091948536,5.011060790805146,0.9889392091948537,-1.21,5.0,1.0,1.0,0.011060790805146326,0.0,-0.625,0.0,,0.0,0.0,0.0,0.0,7,1763584571,0.85,reverse
base_bon,4,-1.2254851071272048,7.015485107127205,1.0154851071272049,-1.21,7.0,1.0,1.0,-0.015485107127204856,0.0,-0.875,0.0,,0.0,0.0,0.0,0.0,7,1763614490,0.85,reverse
base_bon,16,-0.19327294896617558,6.013272948966176,0.01327294896617559,-0.18,6.0,0.0,1.0,-0.01327294896617559,0.0,-0.75,0.0,,0.0,0.0,0.0,0.0,7,1763734166,0.85,reverse
base_bon,64,-0.19327294896617558,6.013272948966176,0.01327294896617559,-0.18,6.0,0.0,1.0,-0.01327294896617559,0.0,-0.75,0.0,,0.0,0.0,0.0,0.0,7,1764212870,0.85,reverse
memory_bon,1,-10.446910863572946,-4.236910863572944,10.236910863572945,-1.21,5.0,1.0,1.0,-9.236910863572945,0.0,-0.625,0.9166666666666666,0.08333333333333333,0.86,0.2638888888888889,0.005655151380264121,1.248417372118725,7,1763584571,0.85,reverse
memory_bon,4,-2.2118564472669004,3.9981435527330995,2.0018564472669005,-13.21,-7.0,13.0,0.0,10.9981435527331,0.0,0.875,0.9027777777777777,0.09722222222222221,0.86,0.1423611111111111,0.007062429289683924,1.129888040365096,7,1763614490,0.85,reverse
memory_bon,16,-1.3865146396639252,4.853485360336075,1.1465146396639252,-14.24,-8.0,14.0,0.0,12.853485360336075,1.0,1.0,0.9166666666666666,0.08333333333333333,0.86,0.18154761904761904,0.016819937866602713,1.3000535401135183,7,1763734166,0.85,reverse
memory_bon,64,-1.3865146396639252,4.853485360336075,1.1465146396639252,-14.24,-8.0,14.0,0.0,12.853485360336075,1.0,1.0,0.9166666666666666,0.08333333333333333,0.86,0.18154761904761904,0.016819937866602713,1.3000535401135183,7,1764212870,0.85,reverse
oracle_memory_bon,1,-0.5850527832429666,5.624947216757033,0.37505278324296665,-1.21,5.0,1.0,1.0,0.6249472167570334,0.0,-0.625,0.0,1.0,0.86,0.0,0.006342299718217514,0.07610759661861016,7,1763584571,0.85,reverse
oracle_memory_bon,4,-0.3335830222993428,6.123583022299343,0.12358302229934282,-1.21,7.0,1.0,1.0,0.8764169777006572,0.0,-0.875,0.0,1.0,0.86,0.0,0.0038750694593088523,0.04650083351170624,7,1763614490,0.85,reverse
oracle_memory_bon,16,-0.2900619201525017,5.889938079847498,0.11006192015250171,-0.18,6.0,0.0,1.0,-0.11006192015250171,0.0,-0.75,0.0,1.0,0.86,0.0,0.005084970668416122,0.06101964802099347,7,1763734166,0.85,reverse
oracle_memory_bon,64,-0.23689032183585584,5.943109678164144,0.05689032183585585,-0.18,6.0,0.0,1.0,-0.05689032183585585,0.0,-0.75,0.0,1.0,0.86,0.0,0.004075601813954466,0.0489072217674536,7,1764212870,0.85,reverse
repaired_memory_bon,1,-3.4221143436802635,3.69411399646578,2.30588600353422,-1.21,5.0,1.0,1.0,-2.2121143436802635,0.0,-0.625,0.29545454545454547,0.7045454545454546,0.3576109391232208,0.45,0.023497559463250207,1.0069203779400484,7,1763584571,0.85,reverse
repaired_memory_bon,4,-1.6730229805847003,5.431017047885216,0.5689829521147836,-1.21,7.0,1.0,1.0,-0.46302298058470037,0.0,-0.875,0.3181818181818182,0.6818181818181819,0.35384091976267307,0.5654040404040404,0.013900182634697576,0.9933778094110186,7,1763614490,0.85,reverse
repaired_memory_bon,16,-1.4134925290875429,5.992186838111342,0.00781316188865766,-1.21,7.0,1.0,1.0,-0.2034925290875429,0.0,-0.875,0.3977272727272727,0.6022727272727273,0.22762465979020782,0.6333333333333333,0.028033716011455517,1.3285326302209834,7,1763734166,0.85,reverse
repaired_memory_bon,64,-1.342014291249478,5.882377171916704,0.11762282808329605,-1.21,7.0,1.0,1.0,-0.13201429124947794,0.0,-0.875,0.32954545454545453,0.6704545454545455,0.3060531838169548,0.49722222222222223,0.026779805878989905,1.127101625740202,7,1764212870,0.85,reverse
base_bon,1,-2.1814190145736037,3.9985809854263965,2.0014190145736035,-2.18,4.0,2.0,0.0,-0.0014190145736034943,0.0,-0.5,0.0,,0.0,0.0,0.0,0.0,8,1711703536,0.85,reverse
base_bon,4,-0.24212852186040545,5.9978714781395945,0.0021285218604054634,-0.24,6.0,0.0,1.0,-0.0021285218604054634,0.0,-0.75,0.0,,0.0,0.0,0.0,0.0,8,1711733455,0.85,reverse
base_bon,16,-0.24212852186040545,5.9978714781395945,0.0021285218604054634,-0.24,6.0,0.0,1.0,-0.0021285218604054634,0.0,-0.75,0.0,,0.0,0.0,0.0,0.0,8,1711853131,0.85,reverse
base_bon,64,-0.18212852186040546,5.9978714781395945,0.0021285218604054634,-0.18,6.0,0.0,1.0,-0.0021285218604054634,0.0,-0.75,0.0,,0.0,0.0,0.0,0.0,8,1712331835,0.85,reverse
memory_bon,1,-8.241010521145181,-2.061010521145181,8.061010521145182,-2.18,4.0,2.0,0.0,-6.061010521145182,0.0,-0.5,0.8194444444444444,0.18055555555555555,0.86,0.22222222222222224,0.004405148929936347,1.0945284538259028,8,1711703536,0.85,reverse
memory_bon,4,-2.6271976083524065,3.6128023916475938,2.3871976083524062,-10.24,-4.0,10.0,0.0,7.612802391647594,0.0,0.5,0.9444444444444444,0.05555555555555555,0.86,0.11904761904761904,0.015384613812487565,1.2481074292419143,8,1711733455,0.85,reverse
memory_bon,16,-2.0292846110163634,4.210715388983637,1.7892846110163632,-14.24,-8.0,14.0,0.0,12.210715388983637,0.0,1.0,0.9027777777777777,0.09722222222222221,0.86,0.2137896825396825,0.006366558074942796,1.192966157216774,8,1711853131,0.85,reverse
memory_bon,64,-2.0292846110163634,4.210715388983637,1.7892846110163632,-14.24,-8.0,14.0,0.0,12.210715388983637,0.0,1.0,0.9027777777777777,0.09722222222222221,0.86,0.2137896825396825,0.006366558074942796,1.192966157216774,8,1712331835,0.85,reverse
oracle_memory_bon,1,-2.736207964993134,3.443792035006866,2.556207964993134,-2.18,4.0,2.0,0.0,-0.556207964993134,0.0,-0.5,0.0,1.0,0.86,0.0,0.004311197525530778,0.051734370306369334,8,1711703536,0.85,reverse
oracle_memory_bon,4,-1.784017986452106,4.455982013547894,1.544017986452106,-0.24,6.0,0.0,1.0,-1.544017986452106,0.0,-0.75,0.0,1.0,0.86,0.0,0.007453951221420618,0.08944741465704742,8,1711733455,0.85,reverse
oracle_memory_bon,16,-1.7953372975865054,4.444662702413495,1.5553372975865054,-0.24,6.0,0.0,1.0,-1.5553372975865054,0.0,-0.75,0.0,1.0,0.86,0.0,0.007467675063439364,0.08961210076127238,8,1711853131,0.85,reverse
oracle_memory_bon,64,-1.152152251833131,5.087847748166869,0.9121522518331311,-2.24,8.0,2.0,0.0,1.0878477481668691,0.0,-1.0,0.0,1.0,0.86,0.0,0.0073971665062100385,0.08876599807452046,8,1712331835,0.85,reverse
repaired_memory_bon,1,-3.6016953622556263,3.26208000972255,2.73791999027745,-2.18,4.0,2.0,0.0,-1.421695362255626,0.0,-0.5,0.3295454545454546,0.6704545454545454,0.473159093783967,0.31339285714285714,0.01170150215658582,0.7597504133090845,8,1711703536,0.85,reverse
repaired_memory_bon,4,-3.147773735528173,3.889311374212968,2.110688625787032,-0.24,6.0,0.0,1.0,-2.907773735528173,0.0,-0.75,0.5681818181818182,0.4318181818181819,0.40005609769005607,0.30208333333333337,0.004335533601389259,0.8856501219346011,8,1711733455,0.85,reverse
repaired_memory_bon,16,-2.960525043928068,4.091382612908698,1.9086173870913017,-0.24,6.0,0.0,1.0,-2.7205250439280677,0.0,-0.75,0.5795454545454546,0.42045454545454547,0.3929906835744749,0.2951388888888889,0.005121864900464821,0.9021196187075176,8,1711853131,0.85,reverse
repaired_memory_bon,64,-1.5872147621946708,5.461256821738831,0.5387431782611687,-2.24,8.0,2.0,0.0,0.6527852378053294,0.0,-1.0,0.6022727272727273,0.39772727272727276,0.3946285449916973,0.2673611111111111,0.0049122920149244145,0.8983017599261134,8,1712331835,0.85,reverse
base_bon,1,-1.2131530907195582,4.996846909280442,1.0031530907195583,-1.21,5.0,1.0,1.0,-0.0031530907195582714,0.0,-0.625,0.0,,0.0,0.0,0.0,0.0,9,1004892632,0.85,reverse
base_bon,4,-0.18378370886346956,5.99621629113653,0.0037837088634695704,-0.18,6.0,0.0,1.0,-0.0037837088634695704,0.0,-0.75,0.0,,0.0,0.0,0.0,0.0,9,1004922551,0.85,reverse
base_bon,16,-0.18378370886346956,5.99621629113653,0.0037837088634695704,-0.18,6.0,0.0,1.0,-0.0037837088634695704,0.0,-0.75,0.0,,0.0,0.0,0.0,0.0,9,1005042227,0.85,reverse
base_bon,64,-0.18378370886346956,5.99621629113653,0.0037837088634695704,-0.18,6.0,0.0,1.0,-0.0037837088634695704,0.0,-0.75,0.0,,0.0,0.0,0.0,0.0,9,1005520931,0.85,reverse
memory_bon,1,-8.300216767483303,-2.0902167674833008,8.090216767483302,-1.21,5.0,1.0,1.0,-7.0902167674833025,0.0,-0.625,0.8472222222222221,0.1527777777777778,0.86,0.2777777777777778,0.023211563828237518,1.4035387659388503,9,1004892632,0.85,reverse
memory_bon,4,-4.224856098114526,2.0151439018854735,3.9848560981145265,-12.24,-6.0,12.0,0.0,8.015143901885473,0.0,0.75,0.8333333333333333,0.16666666666666666,0.86,0.3333333333333333,0.02786928002598312,1.5010980269784642,9,1004922551,0.85,reverse
memory_bon,16,-2.9685468859643347,3.271453114035665,2.728546885964335,-12.24,-6.0,12.0,0.0,9.271453114035666,0.0,0.75,0.8055555555555556,0.19444444444444445,0.86,0.40476190476190477,0.027778069492915444,1.5436542942324456,9,1005042227,0.85,reverse
memory_bon,64,-2.414923018566874,3.8250769814331256,2.1749230185668744,-12.24,-6.0,12.0,0.0,9.825076981433126,0.0,0.75,0.7916666666666667,0.20833333333333331,0.86,0.40476190476190477,0.029948516499309314,1.5558107694202834,9,1005520931,0.85,reverse
oracle_memory_bon,1,-3.2936533552293303,2.9163466447706696,3.0836533552293304,-1.21,5.0,1.0,1.0,-2.0836533552293304,0.0,-0.625,0.0,1.0,0.86,0.0,0.007479548206874943,0.08975457848249932,9,1004892632,0.85,reverse
oracle_memory_bon,4,-2.475805000605922,3.7641949993940784,2.2358050006059216,-2.24,8.0,2.0,0.0,-0.23580500060592158,0.0,-1.0,0.0,1.0,0.86,0.0,0.008425216394304146,0.10110259673164974,9,1004922551,0.85,reverse
oracle_memory_bon,16,-2.4814041254087766,3.7285958745912233,2.2714041254087767,-1.21,7.0,1.0,1.0,-1.2714041254087767,0.0,-0.875,0.0,1.0,0.86,0.0,0.008077572294622358,0.09693086753546828,9,1005042227,0.85,reverse
oracle_memory_bon,64,-2.475805000605922,3.7641949993940784,2.2358050006059216,-2.24,8.0,2.0,0.0,-0.23580500060592158,0.0,-1.0,0.0,1.0,0.86,0.0,0.008425216394304146,0.10110259673164974,9,1005520931,0.85,reverse
repaired_memory_bon,1,-3.6638620584075388,3.5583226193360225,2.4416773806639775,-1.21,5.0,1.0,1.0,-2.453862058407539,0.0,-0.625,0.5568181818181819,0.4431818181818182,0.3749990536089024,0.3125,0.024980797902091307,1.1246496419372902,9,1004892632,0.85,reverse
repaired_memory_bon,4,-1.8173119100268607,5.402798452167956,0.5972015478320438,-2.24,8.0,2.0,0.0,0.42268808997313956,0.0,-1.0,0.5795454545454546,0.4204545454545454,0.3902878106871372,0.25,0.024606483536750854,1.0890115135497966,9,1004922551,0.85,reverse
repaired_memory_bon,16,-2.450784224775025,4.432608093040865,1.567391906959135,-1.21,7.0,1.0,1.0,-1.240784224775025,0.0,-0.875,0.45454545454545453,0.5454545454545454,0.4590163285077593,0.29305555555555557,0.00318364354960163,0.7482136864620996,9,1005042227,0.85,reverse
repaired_memory_bon,64,-1.8173119100268607,5.402798452167956,0.5972015478320438,-2.24,8.0,2.0,0.0,0.42268808997313956,0.0,-1.0,0.5795454545454546,0.4204545454545454,0.3902878106871372,0.25,0.024606483536750854,1.0890115135497966,9,1005520931,0.85,reverse
base_bon,1,-4.175544710516174,2.0044552894838255,3.9955447105161745,-4.18,2.0,4.0,0.0,0.004455289483825453,0.0,-0.25,0.0,,0.0,0.0,0.0,0.0,10,650767153,0.85,reverse
base_bon,4,-2.1710894210323493,4.008910578967651,1.991089421032349,-2.18,4.0,2.0,0.0,0.008910578967650906,0.0,-0.5,0.0,,0.0,0.0,0.0,0.0,10,650797072,0.85,reverse
base_bon,16,-0.19336586845147635,6.013365868451476,0.01336586845147636,-0.18,6.0,0.0,1.0,-0.01336586845147636,0.0,-0.75,0.0,,0.0,0.0,0.0,0.0,10,650916748,0.85,reverse
base_bon,64,-0.19336586845147635,6.013365868451476,0.01336586845147636,-0.18,6.0,0.0,1.0,-0.01336586845147636,0.0,-0.75,0.0,,0.0,0.0,0.0,0.0,10,651395452,0.85,reverse
memory_bon,1,-7.513409610352098,-1.3334096103520985,7.333409610352098,-4.18,2.0,4.0,0.0,-3.3334096103520983,0.0,-0.25,0.875,0.125,0.86,0.16666666666666666,0.0036995952612005004,1.0860618098010728,10,650767153,0.85,reverse
memory_bon,4,-2.329212189493239,3.850787810506761,2.149212189493239,-12.18,-6.0,12.0,0.0,9.85078781050676,0.0,0.75,0.9166666666666666,0.08333333333333333,0.86,0.1468253968253968,0.004570613528945031,1.118339425839404,10,650797072,0.85,reverse
memory_bon,16,-1.6657416205823166,4.574258379417683,1.4257416205823166,-14.24,-8.0,14.0,0.0,12.574258379417683,1.0,1.0,0.9305555555555556,0.06944444444444445,0.86,0.1388888888888889,0.004270040879608649,1.1206849349997483,10,650916748,0.85,reverse
memory_bon,64,-1.6657416205823166,4.574258379417683,1.4257416205823166,-14.24,-8.0,14.0,0.0,12.574258379417683,1.0,1.0,0.9305555555555556,0.06944444444444445,0.86,0.1388888888888889,0.004270040879608649,1.1206849349997483,10,651395452,0.85,reverse
oracle_memory_bon,1,-2.8447431273162236,3.3352568726837766,2.6647431273162234,-4.18,2.0,4.0,0.0,1.3352568726837761,0.0,-0.25,0.0,1.0,0.86,0.0,0.00486248126055931,0.05834977512671172,10,650767153,0.85,reverse
oracle_memory_bon,4,-1.8312364774537413,4.348763522546259,1.6512364774537414,-2.18,4.0,2.0,0.0,0.34876352254625886,0.0,-0.5,0.0,1.0,0.86,0.0,0.0036905870182039734,0.044287044218447674,10,650797072,0.85,reverse
oracle_memory_bon,16,-0.6132189111406898,5.59678108885931,0.40321891114068986,-1.21,7.0,1.0,1.0,0.5967810888593101,0.0,-0.875,0.0,1.0,0.86,0.0,0.005170729348035785,0.06204875217642941,10,650916748,0.85,reverse
oracle_memory_bon,64,-0.26119903983405646,6.0511990398340565,0.05119903983405649,-1.21,7.0,1.0,1.0,0.9488009601659435,0.0,-0.875,0.0,1.0,0.86,0.0,0.005159329842384555,0.06191195810861467,10,651395452,0.85,reverse
repaired_memory_bon,1,-4.643006673077616,1.9941199293102183,4.0058800706897815,-4.18,2.0,4.0,0.0,-0.4630066730776159,0.0,-0.25,0.19318181818181818,0.8068181818181819,0.5621029861951323,0.18611111111111112,0.011181584605095076,0.5079184470975937,10,650767153,0.85,reverse
repaired_memory_bon,4,-3.0923213910392437,3.864983738719507,2.135016261280493,-2.18,4.0,2.0,0.0,-0.9123213910392436,0.0,-0.5,0.29545454545454547,0.7045454545454546,0.40948455481499546,0.3916666666666666,0.01680722530552856,0.863672366398612,10,650797072,0.85,reverse
repaired_memory_bon,16,-1.7957505073839517,5.391534520100488,0.6084654798995119,-1.21,7.0,1.0,1.0,-0.5857505073839517,0.0,-0.875,0.3181818181818181,0.6818181818181819,0.3393235992644547,0.42777777777777776,0.02886280881911138,1.0858722527604887,10,650916748,0.85,reverse
repaired_memory_bon,64,-1.3639288748459717,6.222215642920341,0.22221564292034124,-2.24,8.0,2.0,0.0,0.8760711251540285,0.0,-1.0,0.39772727272727276,0.6022727272727273,0.35885808171928896,0.475,0.014316165592943256,1.0019035910284784,10,651395452,0.85,reverse
base_bon,1,-10.186528777748517,-4.0065287777485175,10.006528777748517,-10.18,-4.0,10.0,0.0,-0.006528777748517456,0.0,0.5,0.0,,0.0,0.0,0.0,0.0,11,597924421,0.85,reverse
base_bon,4,-0.18979316662277618,6.009793166622776,0.009793166622776184,-0.18,6.0,0.0,1.0,-0.009793166622776184,0.0,-0.75,0.0,,0.0,0.0,0.0,0.0,11,597954340,0.85,reverse
base_bon,16,-0.18979316662277618,6.009793166622776,0.009793166622776184,-0.18,6.0,0.0,1.0,-0.009793166622776184,0.0,-0.75,0.0,,0.0,0.0,0.0,0.0,11,598074016,0.85,reverse
base_bon,64,-0.18979316662277618,6.009793166622776,0.009793166622776184,-0.18,6.0,0.0,1.0,-0.009793166622776184,0.0,-0.75,0.0,,0.0,0.0,0.0,0.0,11,598552720,0.85,reverse
memory_bon,1,-3.564039689395407,2.615960310604593,3.384039689395407,-10.18,-4.0,10.0,0.0,6.615960310604592,0.0,0.5,0.9027777777777777,0.09722222222222221,0.86,0.1388888888888889,0.0011594139877224255,1.0555796345193358,11,597924421,0.85,reverse
memory_bon,4,-3.536928928337217,2.673071071662783,3.326928928337217,-11.21,-5.0,11.0,0.0,7.673071071662784,0.0,0.625,0.9027777777777777,0.09722222222222221,0.86,0.1111111111111111,0.009668514003091192,1.1299110569259831,11,597954340,0.85,reverse
memory_bon,16,-2.9727825706983664,3.2372174293016336,2.7627825706983664,-13.21,-7.0,13.0,0.0,10.237217429301634,0.0,0.875,0.875,0.125,0.86,0.23809523809523808,0.01596031153909956,1.304618976564433,11,598074016,0.85,reverse
memory_bon,64,-2.9581654355902156,3.2518345644097844,2.7481654355902156,-13.21,-7.0,13.0,0.0,10.251834564409785,0.0,0.875,0.861111111111111,0.1388888888888889,0.86,0.27281746031746035,0.017371837128383,1.3423906169691675,11,598552720,0.85,reverse
oracle_memory_bon,1,-9.373490734691458,-3.1934907346914585,9.193490734691458,-10.18,-4.0,10.0,0.0,0.8065092653085415,0.0,0.5,0.0,1.0,0.86,0.0,0.0019446661607906788,0.023335993929488145,11,597924421,0.85,reverse
oracle_memory_bon,4,-2.481564788380996,3.698435211619004,2.301564788380996,-0.18,6.0,0.0,1.0,-2.301564788380996,0.0,-0.75,0.0,1.0,0.86,0.0,0.004466789897290692,0.053601478767488296,11,597954340,0.85,reverse
oracle_memory_bon,16,-2.7065319259447547,3.4734680740552455,2.5265319259447545,-0.18,6.0,0.0,1.0,-2.5265319259447545,0.0,-0.75,0.0,1.0,0.86,0.0,0.005898180989663343,0.07077817187596012,11,598074016,0.85,reverse
oracle_memory_bon,64,-1.986410078138286,4.253589921861714,1.746410078138286,-2.24,8.0,2.0,0.0,0.25358992186171414,0.0,-1.0,0.0,1.0,0.86,0.0,0.006192255156087339,0.07430706187304807,11,598552720,0.85,reverse
repaired_memory_bon,1,-9.179310277068272,-2.1490700569198316,8.149070056919832,-10.18,-4.0,10.0,0.0,1.0006897229317282,0.0,0.5,0.14772727272727273,0.8522727272727273,0.4154999045291533,0.375,0.04394521594991484,0.9447113557204888,11,597924421,0.85,reverse
repaired_memory_bon,4,-3.853246332295535,3.011055691440815,2.988944308559185,-0.18,6.0,0.0,1.0,-3.673246332295535,0.0,-0.75,0.375,0.625,0.45381603535233983,0.3092261904761905,0.008749522858893988,0.7603355819292777,11,597954340,0.85,reverse
repaired_memory_bon,16,-3.6448361911711102,2.9788394569283483,3.0211605430716517,-2.18,4.0,2.0,0.0,-1.46483619117111,0.0,-0.5,0.28409090909090906,0.7159090909090909,0.5685146077392582,0.2138888888888889,0.001934034120447626,0.4929729423327314,11,598074016,0.85,reverse
repaired_memory_bon,64,-3.6844054469038867,3.145197487664035,2.854802512335965,-1.21,5.0,1.0,1.0,-2.4744054469038868,0.0,-0.625,0.35227272727272724,0.6477272727272727,0.4846559345226241,0.17430555555555555,0.013429661112894205,0.6884477050754685,11,598552720,0.85,reverse
base_bon,1,-5.2004723163223385,1.0095276836776612,4.990472316322339,-5.21,1.0,5.0,0.0,0.009527683677661436,0.0,-0.125,0.0,,0.0,0.0,0.0,0.0,12,547338244,0.85,reverse
base_bon,4,-8.139055367355322,-2.0190553673553224,8.019055367355323,-8.12,-2.0,8.0,0.0,-0.019055367355322872,0.0,0.25,0.0,,0.0,0.0,0.0,0.0,12,547368163,0.85,reverse
base_bon,16,-0.2971661020659677,6.057166102065968,0.05716610206596773,-0.24,6.0,0.0,1.0,-0.05716610206596773,0.0,-0.75,0.0,,0.0,0.0,0.0,0.0,12,547487839,0.85,reverse
base_bon,64,-0.23716610206596772,6.057166102065968,0.05716610206596773,-0.18,6.0,0.0,1.0,-0.05716610206596773,0.0,-0.75,0.0,,0.0,0.0,0.0,0.0,12,547966543,0.85,reverse
memory_bon,1,-6.696622098545135,-0.48662209854513566,6.486622098545135,-5.21,1.0,5.0,0.0,-1.4866220985451353,0.0,-0.125,0.875,0.125,0.86,0.1388888888888889,0.0018434481625127924,1.0360102668390425,12,547338244,0.85,reverse
memory_bon,4,-3.742940910166991,2.437059089833009,3.562940910166991,-12.18,-6.0,12.0,0.0,8.437059089833008,0.0,0.75,0.8055555555555556,0.19444444444444445,0.86,0.16666666666666666,0.037246427317619554,1.2767957596250468,12,547368163,0.85,reverse
memory_bon,16,-2.3848952836967356,3.8551047163032646,2.1448952836967354,-12.24,-6.0,12.0,0.0,9.855104716303265,0.0,0.75,0.9027777777777777,0.09722222222222221,0.86,0.19444444444444442,0.0031062992097842567,1.1344978127396335,12,547487839,0.85,reverse
memory_bon,64,-2.7553065066273055,3.4546934933726945,2.5453065066273055,-11.21,-5.0,11.0,0.0,8.454693493372694,0.0,0.625,0.9305555555555556,0.06944444444444445,0.86,0.1388888888888889,0.005417776363403584,1.1344577608052875,12,547966543,0.85,reverse
oracle_memory_bon,1,-4.948353755583295,1.2616462444167054,4.738353755583295,-5.21,1.0,5.0,0.0,0.26164624441670536,0.0,-0.125,0.0,1.0,0.86,0.0,0.0012166553428420166,0.014599864114104199,12,547338244,0.85,reverse
oracle_memory_bon,4,-7.828394047050464,-1.7083940470504642,7.708394047050464,-8.12,-2.0,8.0,0.0,0.29160595294953495,0.0,0.25,0.0,1.0,0.86,0.0,0.001876211492469182,0.022514537909630185,12,547368163,0.85,reverse
oracle_memory_bon,16,-0.23910809354410265,6.089108093544103,0.08910809354410265,-1.15,5.0,1.0,1.0,0.9108919064558972,0.0,-0.625,0.0,1.0,0.86,0.0,0.005000938678564954,0.06001126414277945,12,547487839,0.85,reverse
oracle_memory_bon,64,-0.25909872696337405,6.079098726963374,0.07909872696337406,-0.18,6.0,0.0,1.0,-0.07909872696337406,0.0,-0.75,0.0,1.0,0.86,0.0,0.003088621955324245,0.03706346346389094,12,547966543,0.85,reverse
repaired_memory_bon,1,-5.240278005938568,1.4855327810274834,4.514467218972516,-5.21,1.0,5.0,0.0,-0.030278005938567887,0.0,-0.125,0.17045454545454544,0.8295454545454546,0.5341301915461821,0.375,0.005994182226742903,0.573123096628946,12,547338244,0.85,reverse
repaired_memory_bon,4,-8.00594434540347,-1.6401102181642297,7.64011021816423,-8.12,-2.0,8.0,0.0,0.11405565459652856,0.0,0.25,0.011363636363636364,0.9886363636363636,0.6811795041030488,0.04166666666666667,0.016169194802537076,0.27314903026582216,12,547368163,0.85,reverse
repaired_memory_bon,16,-1.5139974181066504,5.556630625197448,0.44336937480255223,-2.24,8.0,2.0,0.0,0.7260025818933498,0.0,-1.0,0.5340909090909091,0.4659090909090909,0.38406729935837974,0.375,0.005005652787482547,0.9229200481156647,12,547487839,0.85,reverse
repaired_memory_bon,64,-1.5139974181066504,5.556630625197448,0.44336937480255223,-2.24,8.0,2.0,0.0,0.7260025818933498,0.0,-1.0,0.5340909090909091,0.4659090909090909,0.38406729935837974,0.375,0.005005652787482547,0.9229200481156647,12,547966543,0.85,reverse
base_bon,1,-1.2420193017217729,4.967980698278227,1.032019301721773,-1.21,5.0,1.0,1.0,-0.03201930172177292,0.0,-0.625,0.0,,0.0,0.0,0.0,0.0,13,955804061,0.85,reverse
base_bon,4,-0.2184231620661275,5.9615768379338725,0.0384231620661275,-0.18,6.0,0.0,1.0,-0.0384231620661275,0.0,-0.75,0.0,,0.0,0.0,0.0,0.0,13,955833980,0.85,reverse
base_bon,16,-0.2184231620661275,5.9615768379338725,0.0384231620661275,-0.18,6.0,0.0,1.0,-0.0384231620661275,0.0,-0.75,0.0,,0.0,0.0,0.0,0.0,13,955953656,0.85,reverse
base_bon,64,-0.2184231620661275,5.9615768379338725,0.0384231620661275,-0.18,6.0,0.0,1.0,-0.0384231620661275,0.0,-0.75,0.0,,0.0,0.0,0.0,0.0,13,956432360,0.85,reverse
memory_bon,1,-9.415385915083682,-3.205385915083681,9.205385915083681,-1.21,5.0,1.0,1.0,-8.205385915083681,0.0,-0.625,0.875,0.125,0.86,0.19444444444444442,0.0017650590351721543,1.0906251528665103,13,955804061,0.85,reverse
memory_bon,4,-4.548810057114402,1.691189942885599,4.3088100571144015,-12.24,-6.0,12.0,0.0,7.6911899428855985,0.0,0.75,0.7777777777777777,0.2222222222222222,0.86,0.4444444444444445,0.010154665478532169,1.3440782079646083,13,955833980,0.85,reverse
memory_bon,16,-3.9820601297655074,2.1979398702344928,3.8020601297655072,-12.18,-6.0,12.0,0.0,8.197939870234492,0.0,0.75,0.8333333333333333,0.16666666666666666,0.86,0.33333333333333337,0.008114789243802068,1.2640441375922915,13,955953656,0.85,reverse
memory_bon,64,-3.1838598793899138,3.0561401206100864,2.9438598793899136,-14.24,-8.0,14.0,0.0,11.056140120610086,0.0,1.0,0.75,0.25,0.86,0.5,0.010693148892818336,1.3783177867138203,13,956432360,0.85,reverse
oracle_memory_bon,1,-2.9587139586511277,3.2512860413488722,2.7487139586511278,-1.21,5.0,1.0,1.0,-1.7487139586511278,0.0,-0.625,0.0,1.0,0.86,0.0,0.006789211255508447,0.08147053506610137,13,955804061,0.85,reverse
oracle_memory_bon,4,-2.727379555632162,3.452620444367838,2.547379555632162,-0.18,6.0,0.0,1.0,-2.547379555632162,0.0,-0.75,0.0,1.0,0.86,0.0,0.007685123590393353,0.09222148308472025,13,955833980,0.85,reverse
oracle_memory_bon,16,-2.2751714390732496,3.9348285609267504,2.0651714390732496,-1.21,7.0,1.0,1.0,-1.0651714390732496,0.0,-0.875,0.0,1.0,0.86,0.0,0.008229718549939148,0.09875662259926979,13,955953656,0.85,reverse
oracle_memory_bon,64,-2.0548911543885673,4.185108845611433,1.814891154388567,-2.24,8.0,2.0,0.0,0.18510884561143293,0.0,-1.0,0.0,1.0,0.86,0.0,0.009518129060694708,0.1142175487283365,13,956432360,0.85,reverse
repaired_memory_bon,1,-3.8333593956978556,3.0518814710623228,2.9481185289376772,-1.21,5.0,1.0,1.0,-2.6233593956978556,0.0,-0.625,0.4886363636363636,0.5113636363636364,0.4581351868443151,0.28787878787878785,0.0012095926000141445,0.7502676297335313,13,955804061,0.85,reverse
repaired_memory_bon,4,-3.2227585789949496,3.639862245354058,2.360137754645942,-0.18,6.0,0.0,1.0,-3.0427585789949494,0.0,-0.75,0.5,0.5,0.4546174070603065,0.2863636363636364,0.001075606550065518,0.7584675826100081,13,955833980,0.85,reverse
repaired_memory_bon,16,-2.6200974883397006,4.230532919370245,1.769467080629755,-1.21,7.0,1.0,1.0,-1.4100974883397006,0.0,-0.875,0.5454545454545455,0.4545454545454546,0.47463283899159275,0.16414141414141414,0.0019169154748152869,0.7118115641221615,13,955953656,0.85,reverse
repaired_memory_bon,64,-2.226937580736882,4.773001025396271,1.2269989746037293,-2.24,8.0,2.0,0.0,0.01306241926311813,0.0,-1.0,0.6704545454545454,0.32954545454545453,0.41776259774319713,0.16414141414141414,0.002457248683006373,0.8443762290368366,13,956432360,0.85,reverse
base_bon,1,-4.168726356492228,2.0112736435077716,3.9887263564922284,-4.18,2.0,4.0,0.0,0.011273643507771602,0.0,-0.25,0.0,,0.0,0.0,0.0,0.0,14,1083519107,0.85,reverse
base_bon,4,-0.2138209305233139,6.033820930523314,0.03382093052331392,-0.18,6.0,0.0,1.0,-0.03382093052331392,0.0,-0.75,0.0,,0.0,0.0,0.0,0.0,14,1083549026,0.85,reverse
base_bon,16,-0.2138209305233139,6.033820930523314,0.03382093052331392,-0.18,6.0,0.0,1.0,-0.03382093052331392,0.0,-0.75,0.0,,0.0,0.0,0.0,0.0,14,1083668702,0.85,reverse
base_bon,64,-0.2138209305233139,6.033820930523314,0.03382093052331392,-0.18,6.0,0.0,1.0,-0.03382093052331392,0.0,-0.75,0.0,,0.0,0.0,0.0,0.0,14,1084147406,0.85,reverse
memory_bon,1,-6.041877064369401,0.13812293563059885,5.861877064369401,-4.18,2.0,4.0,0.0,-1.8618770643694011,0.0,-0.25,0.875,0.12499999999999999,0.86,0.16666666666666666,0.03161014083290761,1.2979285111992778,14,1083519107,0.85,reverse
memory_bon,4,-3.98244323224147,2.22755676775853,3.77244323224147,-11.21,-5.0,11.0,0.0,7.22755676775853,0.0,0.625,0.861111111111111,0.1388888888888889,0.86,0.2222222222222222,0.013423812923511158,1.2444190884154673,14,1083549026,0.85,reverse
memory_bon,16,-2.6287898092293385,3.5512101907706617,2.4487898092293383,-12.18,-6.0,12.0,0.0,9.55121019077066,0.0,0.75,0.8194444444444444,0.18055555555555555,0.86,0.1388888888888889,0.004707629218909166,1.0148248839602434,14,1083668702,0.85,reverse
memory_bon,64,-1.6257317483705493,4.614268251629451,1.3857317483705494,-14.24,-8.0,14.0,0.0,12.61426825162945,1.0,1.0,0.9305555555555556,0.06944444444444445,0.86,0.1388888888888889,0.006144368921838107,1.1431768715065016,14,1084147406,0.85,reverse
oracle_memory_bon,1,-4.208447755504871,1.9715522444951294,4.028447755504871,-4.18,2.0,4.0,0.0,-0.028447755504870997,0.0,-0.25,0.0,1.0,0.86,0.0,0.003132113781329876,0.03758536537595851,14,1083519107,0.85,reverse
oracle_memory_bon,4,-1.3187454982026863,4.861254501797314,1.1387454982026863,-0.18,6.0,0.0,1.0,-1.1387454982026863,0.0,-0.75,0.0,1.0,0.86,0.0,0.011034392061860892,0.1324127047423307,14,1083549026,0.85,reverse
oracle_memory_bon,16,-1.36008994923514,4.81991005076486,1.18008994923514,-0.18,6.0,0.0,1.0,-1.18008994923514,0.0,-0.75,0.0,1.0,0.86,0.0,0.008181352498820155,0.09817622998584186,14,1083668702,0.85,reverse
oracle_memory_bon,64,-1.0233997120081273,5.216600287991873,0.7833997120081273,-2.24,8.0,2.0,0.0,1.216600287991873,0.0,-1.0,0.0,1.0,0.86,0.0,0.007833132976488143,0.09399759571785773,14,1084147406,0.85,reverse
repaired_memory_bon,1,-5.317980854034941,1.366072404298507,4.633927595701493,-4.18,2.0,4.0,0.0,-1.1379808540349412,0.0,-0.25,0.07954545454545454,0.9204545454545454,0.5736328278134373,0.23214285714285715,0.02534884336938036,0.5600591759260536,14,1083519107,0.85,reverse
repaired_memory_bon,4,-2.736028783747705,4.384367370043028,1.6156326299569717,-0.18,6.0,0.0,1.0,-2.556028783747705,0.0,-0.75,0.5,0.5,0.36564271431213125,0.2645021645021645,0.028289464886946475,1.0448846153230373,14,1083549026,0.85,reverse
repaired_memory_bon,16,-1.969364979383514,4.954491415794785,1.0455085842052148,-1.21,7.0,1.0,1.0,-0.759364979383514,0.0,-0.875,0.4431818181818182,0.5568181818181818,0.4397284516316774,0.29375,0.00716460387417958,0.7931737724203324,14,1083668702,0.85,reverse
repaired_memory_bon,64,-1.4418177381121176,5.642090912265773,0.35790908773422725,-2.24,8.0,2.0,0.0,0.7981822618878827,0.0,-1.0,0.5454545454545454,0.4545454545454546,0.3777368766532057,0.34375,0.007145302338793583,0.9376762781976558,14,1084147406,0.85,reverse
base_bon,1,-11.225737313787828,-5.015737313787827,11.015737313787827,-11.21,-5.0,11.0,0.0,-0.01573731378782739,0.0,0.625,0.0,,0.0,0.0,0.0,0.0,15,1188636484,0.85,reverse
base_bon,4,-1.1342626862121725,5.015737313787827,0.9842626862121726,-1.15,5.0,1.0,1.0,0.01573731378782739,0.0,-0.625,0.0,,0.0,0.0,0.0,0.0,15,1188666403,0.85,reverse
base_bon,16,-0.19888477654539322,6.018884776545393,0.018884776545393223,-0.18,6.0,0.0,1.0,-0.018884776545393223,0.0,-0.75,0.0,,0.0,0.0,0.0,0.0,15,1188786079,0.85,reverse
base_bon,64,-0.19888477654539322,6.018884776545393,0.018884776545393223,-0.18,6.0,0.0,1.0,-0.018884776545393223,0.0,-0.75,0.0,,0.0,0.0,0.0,0.0,15,1189264783,0.85,reverse
memory_bon,1,-3.5531268835242,2.6568731164758,3.3431268835242,-11.21,-5.0,11.0,0.0,7.656873116475801,0.0,0.625,0.875,0.125,0.86,0.2222222222222222,0.005955758438192887,1.1686913234805367,15,1188636484,0.85,reverse
memory_bon,4,-6.99680880481113,-0.8168088048111309,6.816808804811131,-2.18,4.0,2.0,0.0,-4.81680880481113,0.0,-0.5,0.8055555555555555,0.19444444444444442,0.86,0.36111111111111105,0.006126666756599802,1.2401866677458644,15,1188666403,0.85,reverse
memory_bon,16,-2.2967745830563904,3.9132254169436096,2.0867745830563904,-13.21,-7.0,13.0,0.0,10.913225416943611,0.0,0.875,0.9305555555555556,0.06944444444444445,0.86,0.1468253968253968,0.007166522136337271,1.1633792180169995,15,1188786079,0.85,reverse
memory_bon,64,-1.946321690265539,4.293678309734461,1.706321690265539,-14.24,-8.0,14.0,0.0,12.293678309734462,0.0,1.0,0.9305555555555556,0.06944444444444445,0.86,0.1527777777777778,0.00640206744366639,1.16015814265733,15,1189264783,0.85,reverse
oracle_memory_bon,1,-10.456739288537397,-4.2467392885373965,10.246739288537396,-11.21,-5.0,11.0,0.0,0.7532607114626035,0.0,0.625,0.0,1.0,0.86,0.0,0.0025696777090027496,0.03083613250803299,15,1188636484,0.85,reverse
oracle_memory_bon,4,-1.2190735213077093,4.930926478692291,1.0690735213077094,-1.15,5.0,1.0,1.0,-0.06907352130770938,0.0,-0.625,0.0,1.0,0.86,0.0,0.007038730882464709,0.08446477058957651,15,1188666403,0.85,reverse
oracle_memory_bon,16,-0.2610580781644014,5.948941921835599,0.051058078164401444,-1.21,7.0,1.0,1.0,0.9489419218355986,0.0,-0.875,0.0,1.0,0.86,0.0,0.004543516855773379,0.054522202269280555,15,1188786079,0.85,reverse
oracle_memory_bon,64,-0.21142738568973132,6.001427385689731,0.0014273856897313308,-1.21,7.0,1.0,1.0,0.9985726143102687,0.0,-0.875,0.0,1.0,0.86,0.0,0.004946724994893514,0.059360699938722186,15,1189264783,0.85,reverse
repaired_memory_bon,1,-11.555129398121519,-4.444205637599858,10.444205637599858,-11.21,-5.0,11.0,0.0,-0.345129398121518,0.0,0.625,0.2159090909090909,0.7840909090909092,0.4205757659055305,0.3464285714285714,0.042290320363829084,1.0010264005796219,15,1188636484,0.85,reverse
repaired_memory_bon,4,-3.846072090961628,3.049025730545263,2.950974269454737,-2.18,4.0,2.0,0.0,-1.6660720909616278,0.0,-0.5,0.42045454545454547,0.5795454545454546,0.43913670508171554,0.34545454545454546,0.005747301851196228,0.7945531350076562,15,1188666403,0.85,reverse
repaired_memory_bon,16,-2.5125641802950662,4.548975452309645,1.4510245476903547,-1.21,7.0,1.0,1.0,-1.3025641802950663,0.0,-0.875,0.4318181818181818,0.5681818181818181,0.37409944179175414,0.42601010101010106,0.010873455690128625,0.9461551473385685,15,1188786079,0.85,reverse
repaired_memory_bon,64,-1.3667461559243217,5.957093299962731,0.042906700037269374,-2.24,8.0,2.0,0.0,0.8732538440756785,0.0,-1.0,0.6136363636363636,0.3863636363636364,0.26718095475912346,0.38156565656565655,0.019021349312825217,1.2042660620967247,15,1189264783,0.85,reverse
base_bon,1,-8.181170814046329,-2.0011708140463287,8.00117081404633,-8.18,-2.0,8.0,0.0,-0.0011708140463291272,0.0,0.25,0.0,,0.0,0.0,0.0,0.0,16,2137830552,0.85,reverse
base_bon,4,-0.1835124421389865,6.0035124421389865,0.0035124421389864935,-0.18,6.0,0.0,1.0,-0.0035124421389864935,0.0,-0.75,0.0,,0.0,0.0,0.0,0.0,16,2137860471,0.85,reverse
base_bon,16,-0.24351244213898648,6.0035124421389865,0.0035124421389864935,-0.24,6.0,0.0,1.0,-0.0035124421389864935,0.0,-0.75,0.0,,0.0,0.0,0.0,0.0,16,2137980147,0.85,reverse
base_bon,64,-0.24351244213898648,6.0035124421389865,0.0035124421389864935,-0.24,6.0,0.0,1.0,-0.0035124421389864935,0.0,-0.75,0.0,,0.0,0.0,0.0,0.0,16,2138458851,0.85,reverse
memory_bon,1,-5.502876710167594,0.677123289832406,5.322876710167594,-8.18,-2.0,8.0,0.0,2.677123289832406,0.0,0.25,0.8333333333333333,0.16666666666666666,0.86,0.3055555555555556,0.02169185907872022,1.3991911978335314,16,2137830552,0.85,reverse
memory_bon,4,-5.067297280536209,1.1727027194637907,4.827297280536209,-12.24,-6.0,12.0,0.0,7.172702719463791,0.0,0.75,0.7777777777777777,0.2222222222222222,0.86,0.4444444444444444,0.04621291372080735,1.7482690049883836,16,2137860471,0.85,reverse
memory_bon,16,-3.2660231021161077,2.883976897883892,3.116023102116108,-11.15,-5.0,11.0,0.0,7.883976897883892,0.0,0.625,0.875,0.125,0.86,0.25,0.010322339115755565,1.2488680693890668,16,2137980147,0.85,reverse
memory_bon,64,-3.2048286016978573,3.0051713983021426,2.9948286016978574,-13.21,-7.0,13.0,0.0,10.005171398302144,0.0,0.875,0.8333333333333333,0.16666666666666669,0.86,0.3055555555555556,0.01309371197273108,1.296013432561662,16,2138458851,0.85,reverse
oracle_memory_bon,1,-8.837508742357247,-2.6575087423572477,8.657508742357248,-8.18,-2.0,8.0,0.0,-0.6575087423572477,0.0,0.25,0.0,1.0,0.86,0.0,0.0019611865737627055,0.023534238885152468,16,2137830552,0.85,reverse
oracle_memory_bon,4,-1.7820467129149933,4.397953287085007,1.6020467129149933,-0.18,6.0,0.0,1.0,-1.6020467129149933,0.0,-0.75,0.0,1.0,0.86,0.0,0.009846017229722875,0.11815220675667448,16,2137860471,0.85,reverse
oracle_memory_bon,16,-1.4468969957963704,4.7631030042036295,1.2368969957963705,-1.21,7.0,1.0,1.0,-0.23689699579637047,0.0,-0.875,0.0,1.0,0.86,0.0,0.012089877091568467,0.1450785250988216,16,2137980147,0.85,reverse
oracle_memory_bon,64,-1.1325229761183573,5.107477023881643,0.8925229761183573,-2.24,8.0,2.0,0.0,1.107477023881643,0.0,-1.0,0.0,1.0,0.86,0.0,0.011877551745551218,0.14253062094661462,16,2138458851,0.85,reverse
repaired_memory_bon,1,-9.625753064742923,-2.8795464178279735,8.879546417827974,-8.18,-2.0,8.0,0.0,-1.4457530647429238,0.0,0.25,0.2272727272727273,0.7727272727272727,0.5101081649705406,0.41269841269841273,0.003646579893270603,0.6291184965721666,16,2137830552,0.85,reverse
repaired_memory_bon,4,-2.288754720388569,4.924506049263115,1.0754939507368846,-0.18,6.0,0.0,1.0,-2.108754720388569,0.0,-0.75,0.5,0.5,0.3664150274346921,0.35892857142857143,0.03380876052181141,1.1480675218352052,16,2137860471,0.85,reverse
repaired_memory_bon,16,-2.165789584703645,5.077684767755827,0.9223152322441734,-1.21,7.0,1.0,1.0,-0.9557895847036448,0.0,-0.875,0.6477272727272727,0.35227272727272724,0.28737722532765203,0.49107142857142855,0.005940489218078014,1.148304836066079,16,2137980147,0.85,reverse
repaired_memory_bon,64,-1.452486856322705,5.813034814487391,0.18696518551260866,-2.24,8.0,2.0,0.0,0.7875131436772953,0.0,-1.0,0.6590909090909091,0.3409090909090909,0.2911680035805208,0.45535714285714285,0.006666003043060618,1.1394685231223292,16,2138458851,0.85,reverse
base_bon,1,-11.159420974734598,-5.0094209747345975,11.009420974734597,-11.15,-5.0,11.0,0.0,-0.009420974734597465,0.0,0.625,0.0,,0.0,0.0,0.0,0.0,17,1702238481,0.85,reverse
base_bon,4,-3.1443474151592414,3.0056525848407585,2.9943474151592415,-3.15,3.0,3.0,0.0,0.005652584840758479,0.0,-0.375,0.0,,0.0,0.0,0.0,0.0,17,1702268400,0.85,reverse
base_bon,16,-1.2005790252654025,5.0094209747345975,0.9905790252654025,-1.21,5.0,1.0,1.0,0.009420974734597465,0.0,-0.625,0.0,,0.0,0.0,0.0,0.0,17,1702388076,0.85,reverse
base_bon,64,-0.19130516968151695,6.011305169681517,0.011305169681516958,-0.18,6.0,0.0,1.0,-0.011305169681516958,0.0,-0.75,0.0,,0.0,0.0,0.0,0.0,17,1702866780,0.85,reverse
memory_bon,1,-4.1510297081072345,1.998970291892766,4.001029708107234,-11.15,-5.0,11.0,0.0,6.998970291892766,0.0,0.625,0.8055555555555556,0.19444444444444445,0.86,0.3055555555555556,0.024832003262543062,1.4090951502616278,17,1702238481,0.85,reverse
memory_bon,4,-3.9734335304042854,2.206566469595715,3.793433530404285,-10.18,-4.0,10.0,0.0,6.206566469595714,0.0,0.5,0.875,0.125,0.86,0.2222222222222222,0.00395701894767448,1.144706449594316,17,1702268400,0.85,reverse
memory_bon,16,-4.339552382179361,1.8704476178206386,4.129552382179361,-11.21,-5.0,11.0,0.0,6.8704476178206395,0.0,0.625,0.8333333333333333,0.16666666666666666,0.86,0.3055555555555556,0.014074011053370276,1.3077770215293323,17,1702388076,0.85,reverse
memory_bon,64,-3.958726141635765,2.281273858364235,3.718726141635765,-12.24,-6.0,12.0,0.0,8.281273858364235,0.0,0.75,0.8472222222222221,0.1527777777777778,0.86,0.3055555555555556,0.03134269017068861,1.4574435756581487,17,1702866780,0.85,reverse
oracle_memory_bon,1,-8.781467177503824,-2.6314671775038243,8.631467177503824,-11.15,-5.0,11.0,0.0,2.368532822496176,0.0,0.625,0.0,1.0,0.86,0.0,0.013349260115639083,0.160191121387669,17,1702238481,0.85,reverse
oracle_memory_bon,4,-3.653726737447214,2.4962732625527857,3.5037267374472143,-3.15,3.0,3.0,0.0,-0.5037267374472143,0.0,-0.375,0.0,1.0,0.86,0.0,0.001947816088729105,0.02337379306474926,17,1702268400,0.85,reverse
oracle_memory_bon,16,-3.5431449016806242,2.6668550983193757,3.3331449016806243,-1.21,5.0,1.0,1.0,-2.3331449016806243,0.0,-0.625,0.0,1.0,0.86,0.0,0.004436757601075492,0.0532410912129059,17,1702388076,0.85,reverse
oracle_memory_bon,64,-3.316310780143205,2.893689219856795,3.106310780143205,-1.21,7.0,1.0,1.0,-2.106310780143205,0.0,-0.875,0.0,1.0,0.86,0.0,0.0062654732780236255,0.0751856793362835,17,1702866780,0.85,reverse
repaired_memory_bon,1,-8.751183346639618,-2.0501129246333787,8.050112924633378,-11.15,-5.0,11.0,0.0,2.3988166533603827,0.0,0.625,0.3181818181818182,0.6818181818181818,0.5173230988436932,0.3169642857142857,0.001764214846918512,0.6123004688958202,17,1702238481,0.85,reverse
repaired_memory_bon,4,-4.20894035905777,2.445531527492676,3.554468472507324,-3.15,3.0,3.0,0.0,-1.0589403590577704,0.0,-0.375,0.14772727272727273,0.8522727272727273,0.5499571705883881,0.18686868686868685,0.01813990441598058,0.5605243183893848,17,1702268400,0.85,reverse
repaired_memory_bon,16,-2.5974545149722266,4.6644509975017465,1.3355490024982535,-1.21,7.0,1.0,1.0,-1.3874545149722266,0.0,-0.875,0.5568181818181819,0.44318181818181823,0.2843894997895301,0.46153499278499277,0.015690069790245228,1.1687839027488587,17,1702388076,0.85,reverse
repaired_memory_bon,64,-2.5974545149722266,4.6644509975017465,1.3355490024982535,-1.21,7.0,1.0,1.0,-1.3874545149722266,0.0,-0.875,0.5568181818181819,0.44318181818181823,0.2843894997895301,0.46153499278499277,0.015690069790245228,1.1687839027488587,17,1702866780,0.85,reverse
