benchmark,seed,candidate_id,true_return,terminated_at,final_state_norm,recent_only_proxy,recent_only_risk,recent_only_precision,recent_only_stale,recent_only_dropout,recent_only_spread,naive_memory_proxy,naive_memory_risk,naive_memory_precision,naive_memory_stale,naive_memory_dropout,naive_memory_spread,repaired_memory_proxy,repaired_memory_risk,repaired_memory_precision,repaired_memory_stale,repaired_memory_dropout,repaired_memory_spread,oracle_memory_proxy,oracle_memory_risk,oracle_memory_precision,oracle_memory_stale,oracle_memory_dropout,oracle_memory_spread
CartPole-v1,17,0,11.44385395699287,9.0,3.2813836450598353,24.633225349326203,0.010597586929048153,1.0,0.0,5.226050173663235e-06,0.02345728561701966,25.31587351867525,0.7321757856120517,0.32142857142857145,0.6785714285714285,0.00012048816561283889,0.11697878159048987,24.580237414680962,0.010597586929048153,1.0,0.0,5.226050173663235e-06,0.02345728561701966,24.633225349326203,0.010597586929048153,1.0,0.0,5.226050173663235e-06,0.02345728561701966
CartPole-v1,17,1,11.538371475945358,9.0,3.316535818270905,24.43842395129521,0.015212421363902042,1.0,0.0,1.1400111317061864e-05,0.03360271216303455,28.516234040462855,0.7025771972825704,0.3571428571428571,0.6428571428571427,0.00014826366678670375,0.13007543353585305,24.3623618444757,0.015212421363902042,1.0,0.0,1.1400111317061864e-05,0.03360271216303455,24.43842395129521,0.015212421363902042,1.0,0.0,1.1400111317061864e-05,0.03360271216303455
CartPole-v1,17,2,25.70900447040858,20.0,0.7228469880883724,25.825260245728288,0.012356328135318818,1.0,0.0,8.43257572774081e-06,0.027308594509993095,28.432881581395108,0.7227996530766486,0.3357142857142857,0.6642857142857143,0.00015110658652877637,0.1273446357748979,25.763478605051695,0.012356328135318818,1.0,0.0,8.43257572774081e-06,0.027308594509993095,25.825260245728288,0.012356328135318818,1.0,0.0,8.43257572774081e-06,0.027308594509993095
CartPole-v1,17,3,19.452624890457166,18.0,0.44419993543557984,25.13170865094647,0.010377368762358351,1.0,0.0,5.3579471939685665e-06,0.022965567077348006,28.920532081595148,0.7692646340106556,0.2857142857142857,0.7142857142857142,0.0001407573697586316,0.11967302392638302,25.079821807134678,0.010377368762358351,1.0,0.0,5.3579471939685665e-06,0.022965567077348006,25.13170865094647,0.010377368762358351,1.0,0.0,5.3579471939685665e-06,0.022965567077348006
CartPole-v1,17,4,11.44385395699287,9.0,3.2813836450598353,24.63797682634928,0.010613654249947948,1.0,0.0,5.115555212762891e-06,0.02349495512943521,25.25325976258206,0.7394114824501086,0.31428571428571433,0.6857142857142856,0.00011937104149530469,0.11720495200857846,24.584908555099542,0.010613654249947948,1.0,0.0,5.115555212762891e-06,0.02349495512943521,24.63797682634928,0.010613654249947948,1.0,0.0,5.115555212762891e-06,0.02349495512943521
CartPole-v1,17,5,11.44385395699287,9.0,3.2813836450598353,24.861865944650013,0.010310140862938492,1.0,0.0,4.730679873537343e-06,0.022827323164333762,25.082819660566997,0.7389983428678284,0.31428571428571433,0.6857142857142856,0.00011613958885392471,0.116344312094914,24.81031524033532,0.010310140862938492,1.0,0.0,4.730679873537343e-06,0.022827323164333762,24.861865944650013,0.010310140862938492,1.0,0.0,4.730679873537343e-06,0.022827323164333762
CartPole-v1,17,6,11.538371475945358,9.0,3.316535818270905,24.048873304840427,0.06299146333904057,0.9571428571428573,0.04285714285714285,2.801650395021757e-05,0.044244863222879946,26.726819691022317,0.6348121549160247,0.42857142857142866,0.5714285714285714,0.00014563322212496444,0.13826337268989702,23.733915988145224,0.06299146333904057,0.9571428571428573,0.04285714285714285,2.801650395021757e-05,0.044244863222879946,24.287454579000517,0.013111355700619675,1.0,0.0,8.28129969918398e-06,0.028989122895613784
CartPole-v1,17,7,11.538371475945358,9.0,3.316535818270905,24.048873304840427,0.06299146333904057,0.9571428571428573,0.04285714285714285,2.801650395021757e-05,0.044244863222879946,26.726819691022317,0.6348121549160247,0.42857142857142866,0.5714285714285714,0.00014563322212496444,0.13826337268989702,23.733915988145224,0.06299146333904057,0.9571428571428573,0.04285714285714285,2.801650395021757e-05,0.044244863222879946,24.287454579000517,0.013111355700619675,1.0,0.0,8.28129969918398e-06,0.028989122895613784
CartPole-v1,17,8,11.44385395699287,9.0,3.2813836450598353,24.951328210132516,0.06745007505367624,0.95,0.04999999999999999,2.6902018479202232e-05,0.03829968645742805,25.196400202741255,0.7848307254875475,0.26428571428571423,0.7357142857142855,0.00010546508368337493,0.10727270911954365,24.614077834864133,0.06745007505367624,0.95,0.04999999999999999,2.6902018479202232e-05,0.03829968645742805,25.487726914947988,0.009066257733922426,1.0,0.0,3.579254485108654e-06,0.02008360821787012
CartPole-v1,17,9,11.538371475945358,9.0,3.316535818270905,24.048873304840427,0.06299146333904057,0.9571428571428573,0.04285714285714285,2.801650395021757e-05,0.044244863222879946,26.726819691022317,0.6348121549160247,0.42857142857142866,0.5714285714285714,0.00014563322212496444,0.13826337268989702,23.733915988145224,0.06299146333904057,0.9571428571428573,0.04285714285714285,2.801650395021757e-05,0.044244863222879946,24.287454579000517,0.013111355700619675,1.0,0.0,8.28129969918398e-06,0.028989122895613784
CartPole-v1,17,10,22.785941627160206,20.0,0.43532148541789967,25.118964114959155,0.010434727097821277,1.0,0.0,5.7146583072658525e-06,0.023086688514140332,29.014391183147882,0.7475583790649847,0.30714285714285705,0.6928571428571428,0.00013372278662566694,0.11918100869963688,25.06679047947005,0.010434727097821277,1.0,0.0,5.7146583072658525e-06,0.023086688514140332,25.118964114959155,0.010434727097821277,1.0,0.0,5.7146583072658525e-06,0.023086688514140332
CartPole-v1,17,11,11.538371475945358,9.0,3.316535818270905,24.323403311731596,0.015812047631375455,1.0,0.0,1.2306933513414451e-05,0.03491909369615142,28.676602023106163,0.6886218554509039,0.3714285714285714,0.6285714285714284,0.0001447439256650844,0.13087216772034374,24.24434307357472,0.015812047631375455,1.0,0.0,1.2306933513414451e-05,0.03491909369615142,24.323403311731596,0.015812047631375455,1.0,0.0,1.2306933513414451e-05,0.03491909369615142
CartPole-v1,17,12,13.378266787742987,11.0,0.6810210583420211,25.40378386958612,0.012918366344496862,1.0,0.0,9.374503793539479e-06,0.028540822920330094,27.924099509964545,0.7350932486497497,0.3214285714285715,0.6785714285714286,0.0001479722937573732,0.12297342606280462,25.339192037863636,0.012918366344496862,1.0,0.0,9.374503793539479e-06,0.028540822920330094,25.40378386958612,0.012918366344496862,1.0,0.0,9.374503793539479e-06,0.028540822920330094
CartPole-v1,17,13,21.096421403986923,20.0,4.140827558755644,26.032183653767216,0.012364639789002903,1.0,0.0,7.699548435832317e-06,0.027340096447813877,27.834419171376236,0.6907024120134361,0.3642857142857143,0.6357142857142856,0.0001272043138342959,0.11993442619661303,25.970360454822202,0.012364639789002903,1.0,0.0,7.699548435832317e-06,0.027340096447813877,26.032183653767216,0.012364639789002903,1.0,0.0,7.699548435832317e-06,0.027340096447813877
CartPole-v1,17,14,11.538371475945358,9.0,3.316535818270905,24.43842395129521,0.015212421363902042,1.0,0.0,1.1400111317061864e-05,0.03360271216303455,28.516234040462855,0.7025771972825704,0.3571428571428571,0.6428571428571427,0.00014826366678670375,0.13007543353585305,24.3623618444757,0.015212421363902042,1.0,0.0,1.1400111317061864e-05,0.03360271216303455,24.43842395129521,0.015212421363902042,1.0,0.0,1.1400111317061864e-05,0.03360271216303455
CartPole-v1,17,15,21.125921005204358,20.0,1.0219714334800198,25.0581713817628,0.010243846112582455,1.0,0.0,5.150709701319473e-06,0.022672534299937562,29.041479603244362,0.7768897666427053,0.2785714285714286,0.7214285714285713,0.0001437675128419404,0.1206912335808851,25.00695215119989,0.010243846112582455,1.0,0.0,5.150709701319473e-06,0.022672534299937562,25.0581713817628,0.010243846112582455,1.0,0.0,5.150709701319473e-06,0.022672534299937562
CartPole-v1,17,16,11.538371475945358,9.0,3.316535818270905,24.048873304840427,0.06299146333904057,0.9571428571428573,0.04285714285714285,2.801650395021757e-05,0.044244863222879946,26.726819691022317,0.6348121549160247,0.42857142857142866,0.5714285714285714,0.00014563322212496444,0.13826337268989702,23.733915988145224,0.06299146333904057,0.9571428571428573,0.04285714285714285,2.801650395021757e-05,0.044244863222879946,24.287454579000517,0.013111355700619675,1.0,0.0,8.28129969918398e-06,0.028989122895613784
CartPole-v1,17,17,11.538371475945358,9.0,2.624205771208941,24.79869279656025,0.01436552586385903,1.0,0.0,1.0511913800962179e-05,0.03173651234100296,28.328561422545924,0.7028947294134069,0.3571428571428571,0.6428571428571427,0.0001530917164657046,0.1306952284989747,24.726865167240955,0.01436552586385903,1.0,0.0,1.0511913800962179e-05,0.03173651234100296,24.79869279656025,0.01436552586385903,1.0,0.0,1.0511913800962179e-05,0.03173651234100296
CartPole-v1,17,18,11.538371475945358,9.0,2.624205771208941,24.159110080674644,0.015391151903861464,1.0,0.0,1.1481255378473826e-05,0.033998448579630386,28.78186538129442,0.7041501530010991,0.3571428571428571,0.6428571428571427,0.0001561022545260327,0.13343153801721785,24.082154321155336,0.015391151903861464,1.0,0.0,1.1481255378473826e-05,0.033998448579630386,24.159110080674644,0.015391151903861464,1.0,0.0,1.1481255378473826e-05,0.033998448579630386
CartPole-v1,17,19,17.823215928557435,16.0,1.0912501600001645,24.555344952630733,0.015999493079049902,1.0,0.0,1.3809063840304799e-05,0.035308934596283245,28.620368710244268,0.6912987603969445,0.37142857142857133,0.6285714285714284,0.00016902149104871758,0.13638924421583587,24.475347487235485,0.015999493079049902,1.0,0.0,1.3809063840304799e-05,0.035308934596283245,24.555344952630733,0.015999493079049902,1.0,0.0,1.3809063840304799e-05,0.035308934596283245
CartPole-v1,17,20,24.156511671140898,20.0,0.4322429240037947,25.529802119725392,0.011413681068720835,1.0,0.0,7.760035999556877e-06,0.025225779512720842,29.032740695269222,0.7651286355142106,0.2857142857142857,0.7142857142857142,0.00012500869177803028,0.11076189265393836,25.47273371438179,0.011413681068720835,1.0,0.0,7.760035999556877e-06,0.025225779512720842,25.529802119725392,0.011413681068720835,1.0,0.0,7.760035999556877e-06,0.025225779512720842
CartPole-v1,17,21,25.950748689574326,20.0,1.2518947348048506,26.035506581145167,0.012092642398025004,1.0,0.0,7.93430702763924e-06,0.026731484315119756,29.046726156534657,0.7576746563804085,0.3,0.7,0.0001589637194344038,0.12533988138874044,25.975043369155042,0.012092642398025004,1.0,0.0,7.93430702763924e-06,0.026731484315119756,26.035506581145167,0.012092642398025004,1.0,0.0,7.93430702763924e-06,0.026731484315119756
CartPole-v1,17,22,11.44385395699287,9.0,3.2813836450598353,24.951328210132516,0.06745007505367624,0.95,0.04999999999999999,2.6902018479202232e-05,0.03829968645742805,25.196400202741255,0.7848307254875475,0.26428571428571423,0.7357142857142855,0.00010546508368337493,0.10727270911954365,24.614077834864133,0.06745007505367624,0.95,0.04999999999999999,2.6902018479202232e-05,0.03829968645742805,25.487726914947988,0.009066257733922426,1.0,0.0,3.579254485108654e-06,0.02008360821787012
CartPole-v1,17,23,14.248946932489957,12.0,3.065491399625046,24.352085775143642,0.014765644087161722,1.0,0.0,1.1411688975282169e-05,0.03260966794524325,27.38613375445564,0.6550872714207071,0.40714285714285714,0.5928571428571427,0.0001506406229804578,0.13561111906604567,24.278257554707835,0.014765644087161722,1.0,0.0,1.1411688975282169e-05,0.03260966794524325,24.352085775143642,0.014765644087161722,1.0,0.0,1.1411688975282169e-05,0.03260966794524325
CartPole-v1,29,0,11.565931671776823,9.0,3.3168504981885603,23.87245059947984,0.009813961441839898,1.0,0.0,4.5496933204144635e-06,0.021727919767281296,26.747713217557646,0.8233091250502195,0.22142857142857147,0.7785714285714287,0.00010003726786948106,0.09763866296852232,23.82338079227064,0.009813961441839898,1.0,0.0,4.5496933204144635e-06,0.021727919767281296,23.87245059947984,0.009813961441839898,1.0,0.0,4.5496933204144635e-06,0.021727919767281296
CartPole-v1,29,1,11.565931671776823,9.0,3.3168504981885603,23.99906973989487,0.00886427297949674,1.0,0.0,3.6638925514478945e-06,0.01963324853130035,26.902792715168612,0.630947913125568,0.42857142857142855,0.5714285714285715,0.00013668632574561132,0.1298352246467371,23.954748374997386,0.00886427297949674,1.0,0.0,3.6638925514478945e-06,0.01963324853130035,23.99906973989487,0.00886427297949674,1.0,0.0,3.6638925514478945e-06,0.01963324853130035
CartPole-v1,29,2,11.416292937848075,9.0,3.2812978901932395,25.44369152981324,0.054254384378726615,0.9642857142857144,0.03571428571428571,2.276509317153917e-05,0.0407955064868191,26.05462625166161,0.6882150674654995,0.3714285714285714,0.6285714285714284,0.000146719511863229,0.12993307288703354,25.172419607919608,0.054254384378726615,0.9642857142857144,0.03571428571428571,2.276509317153917e-05,0.0407955064868191,25.671342906300197,0.013551519232312237,1.0,0.0,7.76410004847383e-06,0.029976458737609884
CartPole-v1,29,3,11.416292937848075,9.0,3.2812978901932395,24.702912508559415,0.011869687814316654,1.0,0.0,6.594255165723738e-06,0.026259852828868592,26.62471635753462,0.7086241828172809,0.35,0.6499999999999999,0.00015556040194869303,0.1275104435593139,24.64356406948783,0.011869687814316654,1.0,0.0,6.594255165723738e-06,0.026259852828868592,24.702912508559415,0.011869687814316654,1.0,0.0,6.594255165723738e-06,0.026259852828868592
CartPole-v1,29,4,11.416292937848075,9.0,3.2812978901932395,25.44369152981324,0.054254384378726615,0.9642857142857144,0.03571428571428571,2.276509317153917e-05,0.0407955064868191,26.05462625166161,0.6882150674654995,0.3714285714285714,0.6285714285714284,0.000146719511863229,0.12993307288703354,25.172419607919608,0.054254384378726615,0.9642857142857144,0.03571428571428571,2.276509317153917e-05,0.0407955064868191,25.671342906300197,0.013551519232312237,1.0,0.0,7.76410004847383e-06,0.029976458737609884
CartPole-v1,29,5,22.91077434657739,20.0,1.1099746505252026,24.695293661318775,0.00868844201757133,1.0,0.0,3.6684858794161657e-06,0.019242431401191116,27.08263807994465,0.7122017493038784,0.34285714285714286,0.6571428571428571,0.00012690632287004974,0.12009698128457971,24.651851451230918,0.00868844201757133,1.0,0.0,3.6684858794161657e-06,0.019242431401191116,24.695293661318775,0.00868844201757133,1.0,0.0,3.6684858794161657e-06,0.019242431401191116
CartPole-v1,29,6,11.565931671776823,9.0,3.3168504981885603,23.87245059947984,0.009813961441839898,1.0,0.0,4.5496933204144635e-06,0.021727919767281296,26.747713217557646,0.8233091250502195,0.22142857142857147,0.7785714285714287,0.00010003726786948106,0.09763866296852232,23.82338079227064,0.009813961441839898,1.0,0.0,4.5496933204144635e-06,0.021727919767281296,23.87245059947984,0.009813961441839898,1.0,0.0,4.5496933204144635e-06,0.021727919767281296
CartPole-v1,29,7,22.611343034312092,20.0,0.5555720851426387,25.68046501213972,0.010266686853312893,1.0,0.0,5.500061535140915e-06,0.022717080802292813,28.527227791889953,0.7239719593283407,0.32857142857142857,0.6714285714285713,0.00012055143573533927,0.11461994758641458,25.629131577873157,0.010266686853312893,1.0,0.0,5.500061535140915e-06,0.022717080802292813,25.68046501213972,0.010266686853312893,1.0,0.0,5.500061535140915e-06,0.022717080802292813
CartPole-v1,29,8,12.332337356584937,10.0,2.2864488096522866,24.950938348662014,0.012379054239975332,1.0,0.0,7.337449158979368e-06,0.027378565881563333,27.50471384062201,0.6844256727655564,0.3714285714285714,0.6285714285714284,0.00013163373859858445,0.121780387300754,24.889043077462137,0.012379054239975332,1.0,0.0,7.337449158979368e-06,0.027378565881563333,24.950938348662014,0.012379054239975332,1.0,0.0,7.337449158979368e-06,0.027378565881563333
CartPole-v1,29,9,20.25755887204667,19.0,2.054560399657588,25.375517042988182,0.010886945619542211,1.0,0.0,6.5350733067190775e-06,0.02407703340686324,28.814695516095387,0.8217623815133261,0.21428571428571427,0.7857142857142858,7.219072046815065e-05,0.07882348896732275,25.32108231489047,0.010886945619542211,1.0,0.0,6.5350733067190775e-06,0.02407703340686324,25.375517042988182,0.010886945619542211,1.0,0.0,6.5350733067190775e-06,0.02407703340686324
CartPole-v1,29,10,16.93343090455188,15.0,1.968989773155045,24.513921238794932,0.0089794329574152,1.0,0.0,3.664123111136401e-06,0.01988915549450246,27.288331531064944,0.7111787856790539,0.34285714285714286,0.6571428571428571,0.00012481679048040786,0.11786087602745235,24.469024074007855,0.0089794329574152,1.0,0.0,3.664123111136401e-06,0.01988915549450246,24.513921238794932,0.0089794329574152,1.0,0.0,3.664123111136401e-06,0.01988915549450246
CartPole-v1,29,11,11.565931671776823,9.0,3.3168504981885603,23.87245059947984,0.009813961441839898,1.0,0.0,4.5496933204144635e-06,0.021727919767281296,26.747713217557646,0.8233091250502195,0.22142857142857147,0.7785714285714287,0.00010003726786948106,0.09763866296852232,23.82338079227064,0.009813961441839898,1.0,0.0,4.5496933204144635e-06,0.021727919767281296,23.87245059947984,0.009813961441839898,1.0,0.0,4.5496933204144635e-06,0.021727919767281296
CartPole-v1,29,12,17.846953718479497,16.0,0.9795071149695621,24.58471810892921,0.008999209500489297,1.0,0.0,3.6650618741359537e-06,0.019933086678880465,27.45476652782152,0.7317607616256239,0.3214285714285715,0.6785714285714286,0.00012187302751006423,0.11603188629803285,24.53972206142676,0.008999209500489297,1.0,0.0,3.6650618741359537e-06,0.019933086678880465,24.58471810892921,0.008999209500489297,1.0,0.0,3.6650618741359537e-06,0.019933086678880465
CartPole-v1,29,13,15.025438701624427,13.0,2.0322078770622123,25.34322724789598,0.012030449385120953,1.0,0.0,7.419763453008095e-06,0.0266024250611042,27.769389918161007,0.69325498768787,0.3571428571428571,0.6428571428571428,0.00010829556385032534,0.11006995626649896,25.283075000970378,0.012030449385120953,1.0,0.0,7.419763453008095e-06,0.0266024250611042,25.34322724789598,0.012030449385120953,1.0,0.0,7.419763453008095e-06,0.0266024250611042
CartPole-v1,29,14,11.416292937848075,9.0,3.2812978901932395,25.44369152981324,0.054254384378726615,0.9642857142857144,0.03571428571428571,2.276509317153917e-05,0.0407955064868191,26.05462625166161,0.6882150674654995,0.3714285714285714,0.6285714285714284,0.000146719511863229,0.12993307288703354,25.172419607919608,0.054254384378726615,0.9642857142857144,0.03571428571428571,2.276509317153917e-05,0.0407955064868191,25.671342906300197,0.013551519232312237,1.0,0.0,7.76410004847383e-06,0.029976458737609884
CartPole-v1,29,15,12.46893334205982,10.0,1.6485553182972619,24.27647833346485,0.009412752230199647,1.0,0.0,4.163347729992558e-06,0.020843212107466015,26.986738371548796,0.5966606595105051,0.46428571428571425,0.5357142857142858,0.0001405760079982081,0.13293725718274166,24.229414572313853,0.009412752230199647,1.0,0.0,4.163347729992558e-06,0.020843212107466015,24.27647833346485,0.009412752230199647,1.0,0.0,4.163347729992558e-06,0.020843212107466015
CartPole-v1,29,16,16.958187852092337,15.0,2.062115595437167,24.221991716955465,0.009239294431941165,1.0,0.0,3.833139414715266e-06,0.020463620703607653,27.224940649938077,0.7329702236614453,0.32142857142857145,0.6785714285714286,0.00012499476841573142,0.11866408209486878,24.175795244795758,0.009239294431941165,1.0,0.0,3.833139414715266e-06,0.020463620703607653,24.221991716955465,0.009239294431941165,1.0,0.0,3.833139414715266e-06,0.020463620703607653
CartPole-v1,29,17,11.416292937848075,9.0,3.2812978901932395,24.678336559690898,0.012135957706939085,1.0,0.0,6.7516158799606425e-06,0.026848766177554217,26.538230361896673,0.6945842115339416,0.3642857142857143,0.6357142857142856,0.00015122341204242004,0.12813364116292533,24.617656771156202,0.012135957706939085,1.0,0.0,6.7516158799606425e-06,0.026848766177554217,24.678336559690898,0.012135957706939085,1.0,0.0,6.7516158799606425e-06,0.026848766177554217
CartPole-v1,29,18,17.708795362332083,16.0,1.7552906688854533,25.42804519669808,0.011375168146185216,1.0,0.0,6.734228293773381e-06,0.02515843182185562,28.428207642404427,0.7202739984647278,0.32857142857142857,0.6714285714285714,0.00010140973299046285,0.10674255371607262,25.371169355967155,0.011375168146185216,1.0,0.0,6.734228293773381e-06,0.02515843182185562,25.42804519669808,0.011375168146185216,1.0,0.0,6.734228293773381e-06,0.02515843182185562
CartPole-v1,29,19,11.565931671776823,9.0,3.3168504981885603,23.724576822090803,0.0509627363853007,0.9642857142857144,0.03571428571428571,1.9722802247043257e-05,0.033534818340085856,26.75647673053983,0.7251426774805376,0.32857142857142857,0.6714285714285715,0.00012195651669094465,0.11719656426319672,23.4697631401643,0.0509627363853007,0.9642857142857144,0.03571428571428571,1.9722802247043257e-05,0.033534818340085856,23.956574952130545,0.009175149229021191,1.0,0.0,4.0352151903118176e-06,0.020317483349997105
CartPole-v1,29,20,13.258536554034466,11.0,0.6569709579109672,26.04531568103832,0.010685020344007045,1.0,0.0,5.4988352170385535e-06,0.02364673258282386,28.371905626175852,0.7325316868374812,0.32142857142857134,0.6785714285714284,0.00013398611179025842,0.11752970971495662,25.991890579318287,0.010685020344007045,1.0,0.0,5.4988352170385535e-06,0.02364673258282386,26.04531568103832,0.010685020344007045,1.0,0.0,5.4988352170385535e-06,0.02364673258282386
CartPole-v1,29,21,11.565931671776823,9.0,3.3168504981885603,23.693541174324917,0.051138725387155325,0.9642857142857144,0.03571428571428571,2.0480431653355367e-05,0.033912436043650594,26.74335052074498,0.7521900895176906,0.3,0.7,0.00011811024214113058,0.1138782390679147,23.43784754738914,0.051138725387155325,0.9642857142857144,0.03571428571428571,2.0480431653355367e-05,0.033912436043650594,23.930562528252334,0.009204200260937639,1.0,0.0,4.048187012555011e-06,0.020381810588527116
CartPole-v1,29,22,12.319351323561397,10.0,2.2912689454422344,25.063716571591414,0.011906759309925189,1.0,0.0,7.0591351107476866e-06,0.02633396939786491,28.369085973713943,0.7667078727514558,0.27857142857142864,0.7214285714285714,0.000105134905351679,0.09875160462238008,25.004182775041787,0.011906759309925189,1.0,0.0,7.0591351107476866e-06,0.02633396939786491,25.063716571591414,0.011906759309925189,1.0,0.0,7.0591351107476866e-06,0.02633396939786491
CartPole-v1,29,23,16.983825118733666,15.0,1.4051320529830515,24.19022344641409,0.008923633736438659,1.0,0.0,3.4444454629303623e-06,0.019769062606078257,26.997035249081954,0.7261358805587597,0.3285714285714286,0.6714285714285715,0.00012580624238570442,0.11933524264689455,24.1456052777319,0.008923633736438659,1.0,0.0,3.4444454629303623e-06,0.019769062606078257,24.19022344641409,0.008923633736438659,1.0,0.0,3.4444454629303623e-06,0.019769062606078257
MountainCar-v0,17,0,2.4636530604966604,25.0,0.5408520306233707,2.3436086311580664,0.023711157054681613,1.0,0.0,4.131384648267236e-05,0.051956991739600514,5.137280463146363,0.7108969672950667,0.3028571428571428,0.6971428571428572,1.6556794720882068e-05,0.030270346209872238,2.225052845884658,0.023711157054681613,1.0,0.0,4.131384648267236e-05,0.051956991739600514,2.3436086311580664,0.023711157054681613,1.0,0.0,4.131384648267236e-05,0.051956991739600514
MountainCar-v0,17,1,2.316957344061065,25.0,0.5398740260116457,2.2726641637449716,0.02322073829497842,1.0,0.0,3.965043118959371e-05,0.050896744101025924,4.716947831396324,0.716041225113139,0.2971428571428571,0.7028571428571427,1.5628689701817715e-05,0.029020117196403596,2.1565604722700793,0.02322073829497842,1.0,0.0,3.965043118959371e-05,0.050896744101025924,2.2726641637449716,0.02322073829497842,1.0,0.0,3.965043118959371e-05,0.050896744101025924
MountainCar-v0,17,2,2.410345010812569,25.0,0.5427062000637829,2.36972215714841,0.021723700884092853,1.0,0.0,3.528190973753786e-05,0.04764765690265011,4.989543727245355,0.6823582486611793,0.33142857142857146,0.6685714285714286,1.6481604132206338e-05,0.03034437168154036,2.261103652727946,0.021723700884092853,1.0,0.0,3.528190973753786e-05,0.04764765690265011,2.36972215714841,0.021723700884092853,1.0,0.0,3.528190973753786e-05,0.04764765690265011
MountainCar-v0,17,3,6.9028372430371885,25.0,0.3624765730771868,2.7694128704243393,0.031079220111604657,0.9885714285714287,0.011428571428571429,2.6753699069305674e-05,0.043192486867730626,5.036698701443061,0.7280927538602058,0.2857142857142857,0.7142857142857143,1.4024748503064973e-05,0.03043298130325994,2.614016769866316,0.031079220111604657,0.9885714285714287,0.011428571428571429,2.6753699069305674e-05,0.043192486867730626,2.665088608141592,0.019735760152525237,1.0,0.0,2.6816598428441402e-05,0.04338050525577268
MountainCar-v0,17,4,2.3596179260224805,25.0,0.523887335528393,2.3517311818435176,0.022923033592688494,1.0,0.0,3.908130562214753e-05,0.05024529588380292,5.03061872311801,0.6933459159968427,0.31999999999999995,0.68,1.6211893720869325e-05,0.0293693796601685,2.237116013880075,0.022923033592688494,1.0,0.0,3.908130562214753e-05,0.05024529588380292,2.3517311818435176,0.022923033592688494,1.0,0.0,3.908130562214753e-05,0.05024529588380292
MountainCar-v0,17,5,6.9028372430371885,25.0,0.3624765730771868,2.7694128704243393,0.031079220111604657,0.9885714285714287,0.011428571428571429,2.6753699069305674e-05,0.043192486867730626,5.036698701443061,0.7280927538602058,0.2857142857142857,0.7142857142857143,1.4024748503064973e-05,0.03043298130325994,2.614016769866316,0.031079220111604657,0.9885714285714287,0.011428571428571429,2.6753699069305674e-05,0.043192486867730626,2.665088608141592,0.019735760152525237,1.0,0.0,2.6816598428441402e-05,0.04338050525577268
MountainCar-v0,17,6,2.3776321689377244,25.0,0.509153294666157,2.408584216562537,0.02215700318384811,1.0,0.0,3.637053270026531e-05,0.04859119760499109,5.031413845723627,0.6917376508859627,0.31999999999999995,0.68,1.1855594985163134e-05,0.025872902502402862,2.2977992006432966,0.02215700318384811,1.0,0.0,3.637053270026531e-05,0.04859119760499109,2.408584216562537,0.02215700318384811,1.0,0.0,3.637053270026531e-05,0.04859119760499109
MountainCar-v0,17,7,6.9028372430371885,25.0,0.3624765730771868,2.7694128704243393,0.031079220111604657,0.9885714285714287,0.011428571428571429,2.6753699069305674e-05,0.043192486867730626,5.036698701443061,0.7280927538602058,0.2857142857142857,0.7142857142857143,1.4024748503064973e-05,0.03043298130325994,2.614016769866316,0.031079220111604657,0.9885714285714287,0.011428571428571429,2.6753699069305674e-05,0.043192486867730626,2.665088608141592,0.019735760152525237,1.0,0.0,2.6816598428441402e-05,0.04338050525577268
MountainCar-v0,17,8,2.4170491190990875,25.0,0.5651368818915233,2.3245654382324012,0.02403168727921436,1.0,0.0,4.2377471583080336e-05,0.05265037223677714,5.144135670131728,0.7111584894387672,0.3028571428571428,0.6971428571428571,1.7554800465675597e-05,0.030833764204855108,2.2044070018363295,0.02403168727921436,1.0,0.0,4.2377471583080336e-05,0.05265037223677714,2.3245654382324012,0.02403168727921436,1.0,0.0,4.2377471583080336e-05,0.05265037223677714
MountainCar-v0,17,9,2.6070443708817015,25.0,0.4815023660259161,2.54425538691075,0.02119041071477086,1.0,0.0,3.326200699402428e-05,0.04649847701959704,4.4870863950409206,0.6754451261318364,0.33714285714285713,0.6628571428571428,1.3028017256220913e-05,0.02774168697031934,2.4383033333368953,0.02119041071477086,1.0,0.0,3.326200699402428e-05,0.04649847701959704,2.54425538691075,0.02119041071477086,1.0,0.0,3.326200699402428e-05,0.04649847701959704
MountainCar-v0,17,10,2.3869606521688205,25.0,0.5826823172460702,2.331250064623732,0.023743396779158283,1.0,0.0,4.152632088415169e-05,0.05202485824907793,5.172112121372572,0.7173579648606351,0.2971428571428571,0.7028571428571427,1.8996381870352115e-05,0.03188633544117623,2.2125330807279404,0.023743396779158283,1.0,0.0,4.152632088415169e-05,0.05202485824907793,2.331250064623732,0.023743396779158283,1.0,0.0,4.152632088415169e-05,0.05202485824907793
MountainCar-v0,17,11,2.406072221217811,25.0,0.5201568043859818,2.3866053284503392,0.019385466929626248,1.0,0.0,2.8485938029074743e-05,0.04257239872309698,5.02192360987212,0.6250958326077168,0.38857142857142857,0.6114285714285714,1.5642683071642472e-05,0.030093599365716234,2.289677993802208,0.019385466929626248,1.0,0.0,2.8485938029074743e-05,0.04257239872309698,2.3866053284503392,0.019385466929626248,1.0,0.0,2.8485938029074743e-05,0.04257239872309698
MountainCar-v0,17,12,6.9028372430371885,25.0,0.3624765730771868,2.7694128704243393,0.031079220111604657,0.9885714285714287,0.011428571428571429,2.6753699069305674e-05,0.043192486867730626,5.036698701443061,0.7280927538602058,0.2857142857142857,0.7142857142857143,1.4024748503064973e-05,0.03043298130325994,2.614016769866316,0.031079220111604657,0.9885714285714287,0.011428571428571429,2.6753699069305674e-05,0.043192486867730626,2.665088608141592,0.019735760152525237,1.0,0.0,2.6816598428441402e-05,0.04338050525577268
MountainCar-v0,17,13,2.438974266500409,25.0,0.5382271872093627,2.343670743893335,0.02325440405013514,1.0,0.0,3.9751665960913564e-05,0.05096975716099518,5.158282268418714,0.7161336774824842,0.2971428571428571,0.7028571428571427,1.577347573200414e-05,0.029222992932189565,2.227398723642659,0.02325440405013514,1.0,0.0,3.9751665960913564e-05,0.05096975716099518,2.343670743893335,0.02325440405013514,1.0,0.0,3.9751665960913564e-05,0.05096975716099518
MountainCar-v0,17,14,2.3151871399143493,25.0,0.543611143494965,2.255347453061405,0.022654886252560017,1.0,0.0,3.827102191515889e-05,0.04966381794941944,4.604200606702143,0.6935728324426972,0.32,0.68,1.66212417343107e-05,0.02986636113071715,2.1420730217986046,0.022654886252560017,1.0,0.0,3.827102191515889e-05,0.04966381794941944,2.255347453061405,0.022654886252560017,1.0,0.0,3.827102191515889e-05,0.04966381794941944
MountainCar-v0,17,15,2.4278679101199874,25.0,0.571723072119721,2.3274191263686688,0.02390215867757561,1.0,0.0,4.201357106589628e-05,0.05236900024232988,5.179527769667152,0.7166014504586176,0.2971428571428571,0.7028571428571427,1.7486356001402916e-05,0.03023203722991899,2.2079083329807907,0.02390215867757561,1.0,0.0,4.201357106589628e-05,0.05236900024232988,2.3274191263686688,0.02390215867757561,1.0,0.0,4.201357106589628e-05,0.05236900024232988
MountainCar-v0,17,16,2.3837048526533273,25.0,0.4967443601264973,2.3145750123750384,0.021022713678259416,1.0,0.0,3.277505969626506e-05,0.04613447377930955,4.527763687432261,0.680353875666959,0.3314285714285714,0.6685714285714286,1.2414191193507004e-05,0.025962519035516263,2.2094614439837414,0.021022713678259416,1.0,0.0,3.277505969626506e-05,0.04613447377930955,2.3145750123750384,0.021022713678259416,1.0,0.0,3.277505969626506e-05,0.04613447377930955
MountainCar-v0,17,17,6.9028372430371885,25.0,0.3624765730771868,2.7694128704243393,0.031079220111604657,0.9885714285714287,0.011428571428571429,2.6753699069305674e-05,0.043192486867730626,5.036698701443061,0.7280927538602058,0.2857142857142857,0.7142857142857143,1.4024748503064973e-05,0.03043298130325994,2.614016769866316,0.031079220111604657,0.9885714285714287,0.011428571428571429,2.6753699069305674e-05,0.043192486867730626,2.665088608141592,0.019735760152525237,1.0,0.0,2.6816598428441402e-05,0.04338050525577268
MountainCar-v0,17,18,2.3065006302432067,25.0,0.639880837663603,2.207984599094185,0.0210722912797641,1.0,0.0,3.586173093026923e-05,0.04618977207182655,4.533250684624981,0.6367072408433185,0.37714285714285717,0.6228571428571429,1.8524077681415653e-05,0.030448678588276518,2.1026231426953648,0.0210722912797641,1.0,0.0,3.586173093026923e-05,0.04618977207182655,2.207984599094185,0.0210722912797641,1.0,0.0,3.586173093026923e-05,0.04618977207182655
MountainCar-v0,17,19,6.9028372430371885,25.0,0.3624765730771868,2.7694128704243393,0.031079220111604657,0.9885714285714287,0.011428571428571429,2.6753699069305674e-05,0.043192486867730626,5.036698701443061,0.7280927538602058,0.2857142857142857,0.7142857142857143,1.4024748503064973e-05,0.03043298130325994,2.614016769866316,0.031079220111604657,0.9885714285714287,0.011428571428571429,2.6753699069305674e-05,0.043192486867730626,2.665088608141592,0.019735760152525237,1.0,0.0,2.6816598428441402e-05,0.04338050525577268
MountainCar-v0,17,20,6.9028372430371885,25.0,0.3624765730771868,2.7694128704243393,0.031079220111604657,0.9885714285714287,0.011428571428571429,2.6753699069305674e-05,0.043192486867730626,5.036698701443061,0.7280927538602058,0.2857142857142857,0.7142857142857143,1.4024748503064973e-05,0.03043298130325994,2.614016769866316,0.031079220111604657,0.9885714285714287,0.011428571428571429,2.6753699069305674e-05,0.043192486867730626,2.665088608141592,0.019735760152525237,1.0,0.0,2.6816598428441402e-05,0.04338050525577268
MountainCar-v0,17,21,6.9028372430371885,25.0,0.3624765730771868,2.7694128704243393,0.031079220111604657,0.9885714285714287,0.011428571428571429,2.6753699069305674e-05,0.043192486867730626,5.036698701443061,0.7280927538602058,0.2857142857142857,0.7142857142857143,1.4024748503064973e-05,0.03043298130325994,2.614016769866316,0.031079220111604657,0.9885714285714287,0.011428571428571429,2.6753699069305674e-05,0.043192486867730626,2.665088608141592,0.019735760152525237,1.0,0.0,2.6816598428441402e-05,0.04338050525577268
MountainCar-v0,17,22,2.2833839815124435,25.0,0.5687308222013382,2.2432913983620795,0.024409177129585558,1.0,0.0,4.366739616611752e-05,0.053466306578348055,4.734892478760172,0.7174830737516151,0.2971428571428571,0.7028571428571427,1.912839175461061e-05,0.032162008356523136,2.1212455127141516,0.024409177129585558,1.0,0.0,4.366739616611752e-05,0.053466306578348055,2.2432913983620795,0.024409177129585558,1.0,0.0,4.366739616611752e-05,0.053466306578348055
MountainCar-v0,17,23,2.7409110372624275,25.0,0.4750345978720924,2.5229511470304593,0.02051235232007634,1.0,0.0,3.1222846318635595e-05,0.04502793233228278,5.186324494542903,0.6638332701720899,0.34857142857142853,0.6514285714285716,1.2749916902137408e-05,0.027339332018447567,2.4203893854300778,0.02051235232007634,1.0,0.0,3.1222846318635595e-05,0.04502793233228278,2.5229511470304593,0.02051235232007634,1.0,0.0,3.1222846318635595e-05,0.04502793233228278
MountainCar-v0,29,0,11.659830520972246,25.0,0.26960809499653066,12.970422783564375,0.014943427570114689,1.0,0.0,3.7288929289022476e-05,0.03254470252400558,8.372648225268215,0.5269698948687633,0.49142857142857144,0.5085714285714286,2.517105779725666e-05,0.04043799518879267,12.895705645713802,0.014943427570114689,1.0,0.0,3.7288929289022476e-05,0.03254470252400558,12.970422783564375,0.014943427570114689,1.0,0.0,3.7288929289022476e-05,0.03254470252400558
MountainCar-v0,29,1,1.5857026586673977,25.0,0.4688508283536168,2.6421844407363437,0.0159039426474645,1.0,0.0,2.2099841415559453e-05,0.03494920870253339,4.68055215900326,0.39978960854190765,0.6171428571428571,0.38285714285714284,2.406861787666231e-05,0.03719981498167005,2.5626647274990213,0.0159039426474645,1.0,0.0,2.2099841415559453e-05,0.03494920870253339,2.6421844407363437,0.0159039426474645,1.0,0.0,2.2099841415559453e-05,0.03494920870253339
MountainCar-v0,29,2,11.659830520972246,25.0,0.26960809499653066,12.970422783564375,0.014943427570114689,1.0,0.0,3.7288929289022476e-05,0.03254470252400558,8.372648225268215,0.5269698948687633,0.49142857142857144,0.5085714285714286,2.517105779725666e-05,0.04043799518879267,12.895705645713802,0.014943427570114689,1.0,0.0,3.7288929289022476e-05,0.03254470252400558,12.970422783564375,0.014943427570114689,1.0,0.0,3.7288929289022476e-05,0.03254470252400558
MountainCar-v0,29,3,11.659830520972246,25.0,0.26960809499653066,12.970422783564375,0.014943427570114689,1.0,0.0,3.7288929289022476e-05,0.03254470252400558,8.372648225268215,0.5269698948687633,0.49142857142857144,0.5085714285714286,2.517105779725666e-05,0.04043799518879267,12.895705645713802,0.014943427570114689,1.0,0.0,3.7288929289022476e-05,0.03254470252400558,12.970422783564375,0.014943427570114689,1.0,0.0,3.7288929289022476e-05,0.03254470252400558
MountainCar-v0,29,4,-0.30046855225794145,25.0,0.5094316426658974,-0.4032220113621629,0.01475879295995997,1.0,0.0,2.237646053779611e-05,0.032399513945905775,4.426648539353867,0.387952989496144,0.6285714285714286,0.37142857142857144,2.412287350489821e-05,0.036292077954518505,-0.4770159761619628,0.01475879295995997,1.0,0.0,2.237646053779611e-05,0.032399513945905775,-0.4032220113621629,0.01475879295995997,1.0,0.0,2.237646053779611e-05,0.032399513945905775
MountainCar-v0,29,5,11.659830520972246,25.0,0.26960809499653066,12.970422783564375,0.014943427570114689,1.0,0.0,3.7288929289022476e-05,0.03254470252400558,8.372648225268215,0.5269698948687633,0.49142857142857144,0.5085714285714286,2.517105779725666e-05,0.04043799518879267,12.895705645713802,0.014943427570114689,1.0,0.0,3.7288929289022476e-05,0.03254470252400558,12.970422783564375,0.014943427570114689,1.0,0.0,3.7288929289022476e-05,0.03254470252400558
MountainCar-v0,29,6,5.229150318992607,25.0,0.3964605503720774,6.8203384585176625,0.016131210572010057,1.0,0.0,2.272624374039237e-05,0.03544311249352648,6.126563001277047,0.41677765814121787,0.6,0.4,2.2083977097824395e-05,0.03689108072096714,6.739682405657613,0.016131210572010057,1.0,0.0,2.272624374039237e-05,0.03544311249352648,6.8203384585176625,0.016131210572010057,1.0,0.0,2.272624374039237e-05,0.03544311249352648
MountainCar-v0,29,7,1.8041173130623096,25.0,0.46529474749663546,3.6449548941602785,0.01635769937689852,1.0,0.0,2.2433788036341314e-05,0.03595162016135063,5.1019065232517455,0.4173836737727954,0.6000000000000001,0.3999999999999999,2.409332913902569e-05,0.03820206031040708,3.563166397275786,0.01635769937689852,1.0,0.0,2.2433788036341314e-05,0.03595162016135063,3.6449548941602785,0.01635769937689852,1.0,0.0,2.2433788036341314e-05,0.03595162016135063
MountainCar-v0,29,8,11.659830520972246,25.0,0.26960809499653066,12.970422783564375,0.014943427570114689,1.0,0.0,3.7288929289022476e-05,0.03254470252400558,8.372648225268215,0.5269698948687633,0.49142857142857144,0.5085714285714286,2.517105779725666e-05,0.04043799518879267,12.895705645713802,0.014943427570114689,1.0,0.0,3.7288929289022476e-05,0.03254470252400558,12.970422783564375,0.014943427570114689,1.0,0.0,3.7288929289022476e-05,0.03254470252400558
MountainCar-v0,29,9,1.213764355078687,25.0,0.4767294846013782,2.17358040543431,0.015786742071963244,1.0,0.0,2.2193032769216572e-05,0.03468710624402114,4.392190732993991,0.42276215891515556,0.5942857142857143,0.40571428571428564,2.393179381313236e-05,0.03745870855636602,2.094646695074494,0.015786742071963244,1.0,0.0,2.2193032769216572e-05,0.03468710624402114,2.17358040543431,0.015786742071963244,1.0,0.0,2.2193032769216572e-05,0.03468710624402114
MountainCar-v0,29,10,2.2409904828862417,25.0,0.45563623763426925,4.184190021714358,0.016431457389287845,1.0,0.0,2.2251746287887977e-05,0.03611876315329943,5.138316905876776,0.3941990917531002,0.6228571428571429,0.37714285714285717,2.3286096241270206e-05,0.037488768534028785,4.102032734767919,0.016431457389287845,1.0,0.0,2.2251746287887977e-05,0.03611876315329943,4.184190021714358,0.016431457389287845,1.0,0.0,2.2251746287887977e-05,0.03611876315329943
MountainCar-v0,29,11,11.659830520972246,25.0,0.26960809499653066,12.970422783564375,0.014943427570114689,1.0,0.0,3.7288929289022476e-05,0.03254470252400558,8.372648225268215,0.5269698948687633,0.49142857142857144,0.5085714285714286,2.517105779725666e-05,0.04043799518879267,12.895705645713802,0.014943427570114689,1.0,0.0,3.7288929289022476e-05,0.03254470252400558,12.970422783564375,0.014943427570114689,1.0,0.0,3.7288929289022476e-05,0.03254470252400558
MountainCar-v0,29,12,11.659830520972246,25.0,0.26960809499653066,12.970422783564375,0.014943427570114689,1.0,0.0,3.7288929289022476e-05,0.03254470252400558,8.372648225268215,0.5269698948687633,0.49142857142857144,0.5085714285714286,2.517105779725666e-05,0.04043799518879267,12.895705645713802,0.014943427570114689,1.0,0.0,3.7288929289022476e-05,0.03254470252400558,12.970422783564375,0.014943427570114689,1.0,0.0,3.7288929289022476e-05,0.03254470252400558
MountainCar-v0,29,13,11.659830520972246,25.0,0.26960809499653066,12.970422783564375,0.014943427570114689,1.0,0.0,3.7288929289022476e-05,0.03254470252400558,8.372648225268215,0.5269698948687633,0.49142857142857144,0.5085714285714286,2.517105779725666e-05,0.04043799518879267,12.895705645713802,0.014943427570114689,1.0,0.0,3.7288929289022476e-05,0.03254470252400558,12.970422783564375,0.014943427570114689,1.0,0.0,3.7288929289022476e-05,0.03254470252400558
MountainCar-v0,29,14,1.1469648594313433,25.0,0.4777335444713074,3.267676887868195,0.016479531541203584,1.0,0.0,2.204616219344286e-05,0.036229249430346756,4.3184549094190565,0.40573280015298957,0.6114285714285714,0.38857142857142857,2.3219033292053602e-05,0.03772359847827703,3.1852792301621773,0.016479531541203584,1.0,0.0,2.204616219344286e-05,0.036229249430346756,3.267676887868195,0.016479531541203584,1.0,0.0,2.204616219344286e-05,0.036229249430346756
MountainCar-v0,29,15,4.321011697405518,25.0,0.414435209286773,4.756153572826259,0.015324829803764756,1.0,0.0,2.0096019385009388e-05,0.03369791477485485,3.8731175903198967,0.4266659745764772,0.5885714285714285,0.4114285714285715,1.874562871340565e-05,0.03352764026266337,4.679529423807435,0.015324829803764756,1.0,0.0,2.0096019385009388e-05,0.03369791477485485,4.756153572826259,0.015324829803764756,1.0,0.0,2.0096019385009388e-05,0.03369791477485485
MountainCar-v0,29,16,4.069974925009162,25.0,0.41969438552060795,7.300041824036974,0.01685867634330223,1.0,0.0,2.4116085314783566e-05,0.03703499480174213,4.947719815633647,0.4407340688957567,0.5771428571428572,0.4228571428571428,2.3794138227285324e-05,0.0393034954062123,7.2157484423204625,0.01685867634330223,1.0,0.0,2.4116085314783566e-05,0.03703499480174213,7.300041824036974,0.01685867634330223,1.0,0.0,2.4116085314783566e-05,0.03703499480174213
MountainCar-v0,29,17,11.659830520972246,25.0,0.26960809499653066,12.970422783564375,0.014943427570114689,1.0,0.0,3.7288929289022476e-05,0.03254470252400558,8.372648225268215,0.5269698948687633,0.49142857142857144,0.5085714285714286,2.517105779725666e-05,0.04043799518879267,12.895705645713802,0.014943427570114689,1.0,0.0,3.7288929289022476e-05,0.03254470252400558,12.970422783564375,0.014943427570114689,1.0,0.0,3.7288929289022476e-05,0.03254470252400558
MountainCar-v0,29,18,3.4254923428481114,25.0,0.43236441959148514,5.214246667604178,0.015937616066139308,1.0,0.0,2.1154602392276138e-05,0.03504084277111355,4.635979395204572,0.4220869543745659,0.5942857142857142,0.4057142857142857,2.097420513562583e-05,0.036010833375989246,5.134558587273482,0.015937616066139308,1.0,0.0,2.1154602392276138e-05,0.03504084277111355,5.214246667604178,0.015937616066139308,1.0,0.0,2.1154602392276138e-05,0.03504084277111355
MountainCar-v0,29,19,11.659830520972246,25.0,0.26960809499653066,12.970422783564375,0.014943427570114689,1.0,0.0,3.7288929289022476e-05,0.03254470252400558,8.372648225268215,0.5269698948687633,0.49142857142857144,0.5085714285714286,2.517105779725666e-05,0.04043799518879267,12.895705645713802,0.014943427570114689,1.0,0.0,3.7288929289022476e-05,0.03254470252400558,12.970422783564375,0.014943427570114689,1.0,0.0,3.7288929289022476e-05,0.03254470252400558
MountainCar-v0,29,20,1.459935120930521,25.0,0.47136233595907634,3.7968377880470725,0.016531291990073402,1.0,0.0,2.2098503180718342e-05,0.03634334214361701,3.7849697680782572,0.39972754349128486,0.6171428571428571,0.38285714285714284,2.261231496725145e-05,0.03708778247645335,3.7141813280967053,0.016531291990073402,1.0,0.0,2.2098503180718342e-05,0.03634334214361701,3.7968377880470725,0.016531291990073402,1.0,0.0,2.2098503180718342e-05,0.03634334214361701
MountainCar-v0,29,21,11.659830520972246,25.0,0.26960809499653066,12.970422783564375,0.014943427570114689,1.0,0.0,3.7288929289022476e-05,0.03254470252400558,8.372648225268215,0.5269698948687633,0.49142857142857144,0.5085714285714286,2.517105779725666e-05,0.04043799518879267,12.895705645713802,0.014943427570114689,1.0,0.0,3.7288929289022476e-05,0.03254470252400558,12.970422783564375,0.014943427570114689,1.0,0.0,3.7288929289022476e-05,0.03254470252400558
MountainCar-v0,29,22,11.659830520972246,25.0,0.26960809499653066,12.970422783564375,0.014943427570114689,1.0,0.0,3.7288929289022476e-05,0.03254470252400558,8.372648225268215,0.5269698948687633,0.49142857142857144,0.5085714285714286,2.517105779725666e-05,0.04043799518879267,12.895705645713802,0.014943427570114689,1.0,0.0,3.7288929289022476e-05,0.03254470252400558,12.970422783564375,0.014943427570114689,1.0,0.0,3.7288929289022476e-05,0.03254470252400558
MountainCar-v0,29,23,1.7521756597946863,25.0,0.4650747637952164,3.8621190237547594,0.01656877383528796,1.0,0.0,2.2069214100400455e-05,0.03642715582774389,4.389675458878548,0.3941067077513114,0.6228571428571429,0.37714285714285717,2.2929405669912024e-05,0.03728981191798881,3.7792751545783196,0.01656877383528796,1.0,0.0,2.2069214100400455e-05,0.03642715582774389,3.8621190237547594,0.01656877383528796,1.0,0.0,2.2069214100400455e-05,0.03642715582774389
Acrobot-v1,17,0,-42.75839001066046,25.0,0.8902665409935243,-37.61026822917579,0.07944076673437243,1.0,0.0,0.00036070126822123786,0.1701225701968945,-33.71189654064343,0.7148782078017213,0.36,0.6399999999999999,0.0002260350015630769,0.1623776173093703,-38.00747206284765,0.07944076673437243,1.0,0.0,0.00036070126822123786,0.1701225701968945,-37.61026822917579,0.07944076673437243,1.0,0.0,0.00036070126822123786,0.1701225701968945
Acrobot-v1,17,1,-42.75839001066046,25.0,0.8902665409935243,-37.61026822917579,0.07944076673437243,1.0,0.0,0.00036070126822123786,0.1701225701968945,-33.71189654064343,0.7148782078017213,0.36,0.6399999999999999,0.0002260350015630769,0.1623776173093703,-38.00747206284765,0.07944076673437243,1.0,0.0,0.00036070126822123786,0.1701225701968945,-37.61026822917579,0.07944076673437243,1.0,0.0,0.00036070126822123786,0.1701225701968945
Acrobot-v1,17,2,-39.7496603959284,25.0,1.0258322925962644,-34.74285972471711,0.08845329883028352,1.0,0.0,0.0004837999769515773,0.1879619978103798,-31.58789219495886,0.7373186533626764,0.33714285714285713,0.6628571428571428,0.00022337722181677147,0.16149887273555413,-35.185126218868525,0.08845329883028352,1.0,0.0,0.0004837999769515773,0.1879619978103798,-34.74285972471711,0.08845329883028352,1.0,0.0,0.0004837999769515773,0.1879619978103798
Acrobot-v1,17,3,-39.7496603959284,25.0,1.0258322925962644,-34.74285972471711,0.08845329883028352,1.0,0.0,0.0004837999769515773,0.1879619978103798,-31.58789219495886,0.7373186533626764,0.33714285714285713,0.6628571428571428,0.00022337722181677147,0.16149887273555413,-35.185126218868525,0.08845329883028352,1.0,0.0,0.0004837999769515773,0.1879619978103798,-34.74285972471711,0.08845329883028352,1.0,0.0,0.0004837999769515773,0.1879619978103798
Acrobot-v1,17,4,-42.394360860903696,25.0,0.4641265947056084,-10.841754613966483,0.08422160231855626,1.0,0.0,0.000432256673350792,0.17947455318166647,-35.69931230769787,0.7044000176704311,0.3714285714285714,0.6285714285714286,0.00022652061049252247,0.1644809427001388,-11.262862625559265,0.08422160231855626,1.0,0.0,0.000432256673350792,0.17947455318166647,-10.841754613966483,0.08422160231855626,1.0,0.0,0.000432256673350792,0.17947455318166647
Acrobot-v1,17,5,-42.42045275155827,25.0,0.9029502560068573,20.78102116675961,0.12573191856430788,1.0,0.0,0.0009897601178890062,0.26180852804710186,-30.41980917143208,0.7850946993860474,0.3028571428571428,0.6971428571428571,0.00031943380173866796,0.18976971517617977,20.152361573938073,0.12573191856430788,1.0,0.0,0.0009897601178890062,0.26180852804710186,20.78102116675961,0.12573191856430788,1.0,0.0,0.0009897601178890062,0.26180852804710186
Acrobot-v1,17,6,-43.501613376431735,25.0,1.0497351983062333,-35.09231895570046,0.0929161037334347,1.0,0.0,0.0005251063047799639,0.19714500732265555,-33.852514431097624,0.6749345935086617,0.4,0.6,0.0002165913106317981,0.1626708067191275,-35.55689947436764,0.0929161037334347,1.0,0.0,0.0005251063047799639,0.19714500732265555,-35.09231895570046,0.0929161037334347,1.0,0.0,0.0005251063047799639,0.19714500732265555
Acrobot-v1,17,7,-38.93410054853696,25.0,4.4200806173165486,-36.06931201586161,0.08210509648345003,1.0,0.0,0.0003950647814232625,0.17543239607125316,-34.543644548213855,0.7020639394854252,0.37142857142857144,0.6285714285714286,0.00021349689480594598,0.1595211905678871,-36.47983749827886,0.08210509648345003,1.0,0.0,0.0003950647814232625,0.17543239607125316,-36.06931201586161,0.08210509648345003,1.0,0.0,0.0003950647814232625,0.17543239607125316
Acrobot-v1,17,8,-43.72254989339281,25.0,1.0364954991655098,-25.19810757115829,0.09409535160109823,1.0,0.0,0.0005969962875731822,0.1984875140011395,-32.51260751418142,0.7344280322147086,0.34285714285714286,0.657142857142857,0.00023219835358376635,0.16761686276262555,-25.66858432916378,0.09409535160109823,1.0,0.0,0.0005969962875731822,0.1984875140011395,-25.19810757115829,0.09409535160109823,1.0,0.0,0.0005969962875731822,0.1984875140011395
Acrobot-v1,17,9,-42.394360860903696,25.0,0.4641265947056084,-10.841754613966483,0.08422160231855626,1.0,0.0,0.000432256673350792,0.17947455318166647,-35.69931230769787,0.7044000176704311,0.3714285714285714,0.6285714285714286,0.00022652061049252247,0.1644809427001388,-11.262862625559265,0.08422160231855626,1.0,0.0,0.000432256673350792,0.17947455318166647,-10.841754613966483,0.08422160231855626,1.0,0.0,0.000432256673350792,0.17947455318166647
Acrobot-v1,17,10,-41.856334234204354,25.0,2.206876319847932,-38.72205271555863,0.08853564676047036,1.0,0.0,0.00048048809991237606,0.1882038710248252,-33.00912981621059,0.6582433736962484,0.41714285714285715,0.5828571428571429,0.00023163087426462985,0.16340707521108552,-39.16473094936099,0.08853564676047036,1.0,0.0,0.00048048809991237606,0.1882038710248252,-38.72205271555863,0.08853564676047036,1.0,0.0,0.00048048809991237606,0.1882038710248252
Acrobot-v1,17,11,-43.37314573514307,25.0,0.30281314723123076,-22.442478460478625,0.08777928556816317,1.0,0.0,0.0004115593932285139,0.18774846760518898,-34.08729421907798,0.6696282738588387,0.4057142857142857,0.5942857142857142,0.00022550918899306237,0.16341885791373323,-22.881374888319442,0.08777928556816317,1.0,0.0,0.0004115593932285139,0.18774846760518898,-22.442478460478625,0.08777928556816317,1.0,0.0,0.0004115593932285139,0.18774846760518898
Acrobot-v1,17,12,-42.394360860903696,25.0,0.4641265947056084,-10.841754613966483,0.08422160231855626,1.0,0.0,0.000432256673350792,0.17947455318166647,-35.69931230769787,0.7044000176704311,0.3714285714285714,0.6285714285714286,0.00022652061049252247,0.1644809427001388,-11.262862625559265,0.08422160231855626,1.0,0.0,0.000432256673350792,0.17947455318166647,-10.841754613966483,0.08422160231855626,1.0,0.0,0.000432256673350792,0.17947455318166647
Acrobot-v1,17,13,-42.96850564828128,25.0,0.43810819549525765,-37.92458592439317,0.08810459508613222,1.0,0.0,0.0004974438251204691,0.18694454330037438,-33.76516821530935,0.7366673895192842,0.33714285714285713,0.6628571428571428,0.0002150708301343863,0.16019928893570293,-38.36510889982383,0.08810459508613222,1.0,0.0,0.0004974438251204691,0.18694454330037438,-37.92458592439317,0.08810459508613222,1.0,0.0,0.0004974438251204691,0.18694454330037438
Acrobot-v1,17,14,-39.534362895519735,25.0,1.0767761309745398,-36.97536208954165,0.08801759773980322,1.0,0.0,0.00043850413563637327,0.18779903256602723,-19.89463288783234,0.6947175142158108,0.37714285714285717,0.6228571428571429,0.00021925612521407156,0.15579182745990092,-37.41545007824067,0.08801759773980322,1.0,0.0,0.00043850413563637327,0.18779903256602723,-36.97536208954165,0.08801759773980322,1.0,0.0,0.00043850413563637327,0.18779903256602723
Acrobot-v1,17,15,-42.42045275155827,25.0,0.9029502560068573,20.78102116675961,0.12573191856430788,1.0,0.0,0.0009897601178890062,0.26180852804710186,-30.41980917143208,0.7850946993860474,0.3028571428571428,0.6971428571428571,0.00031943380173866796,0.18976971517617977,20.152361573938073,0.12573191856430788,1.0,0.0,0.0009897601178890062,0.26180852804710186,20.78102116675961,0.12573191856430788,1.0,0.0,0.0009897601178890062,0.26180852804710186
Acrobot-v1,17,16,-39.04198816260437,25.0,3.823621181717714,-36.11614372423849,0.07545062757381465,1.0,0.0,0.0003034051335347914,0.16227419223452513,-34.23609361396058,0.7191036552031238,0.3542857142857143,0.6457142857142857,0.00022694352092490243,0.15905293626986416,-36.493396862107566,0.07545062757381465,1.0,0.0,0.0003034051335347914,0.16227419223452513,-36.11614372423849,0.07545062757381465,1.0,0.0,0.0003034051335347914,0.16227419223452513
Acrobot-v1,17,17,-43.32627570518946,25.0,0.8418388978641557,-21.50823189469444,0.09211655567540665,1.0,0.0,0.0005319629952677258,0.19524633714058853,-34.236649256702115,0.6933533640802839,0.38285714285714284,0.6171428571428571,0.00022840745290119674,0.16529610514270485,-21.968814673071474,0.09211655567540665,1.0,0.0,0.0005319629952677258,0.19524633714058853,-21.50823189469444,0.09211655567540665,1.0,0.0,0.0005319629952677258,0.19524633714058853
Acrobot-v1,17,18,-38.93410054853696,25.0,4.4200806173165486,-36.06931201586161,0.08210509648345003,1.0,0.0,0.0003950647814232625,0.17543239607125316,-34.543644548213855,0.7020639394854252,0.37142857142857144,0.6285714285714286,0.00021349689480594598,0.1595211905678871,-36.47983749827886,0.08210509648345003,1.0,0.0,0.0003950647814232625,0.17543239607125316,-36.06931201586161,0.08210509648345003,1.0,0.0,0.0003950647814232625,0.17543239607125316
Acrobot-v1,17,19,-42.42045275155827,25.0,0.9029502560068573,20.78102116675961,0.12573191856430788,1.0,0.0,0.0009897601178890062,0.26180852804710186,-30.41980917143208,0.7850946993860474,0.3028571428571428,0.6971428571428571,0.00031943380173866796,0.18976971517617977,20.152361573938073,0.12573191856430788,1.0,0.0,0.0009897601178890062,0.26180852804710186,20.78102116675961,0.12573191856430788,1.0,0.0,0.0009897601178890062,0.26180852804710186
Acrobot-v1,17,20,-40.76624759418327,25.0,1.8839002681900938,-32.5382575925388,0.09547614845642036,1.0,0.0,0.0005987080407241072,0.20152552029028337,-34.40489533387852,0.6873018732878947,0.38857142857142857,0.6114285714285714,0.00024146289935953944,0.16431466369877082,-33.0156383348209,0.09547614845642036,1.0,0.0,0.0005987080407241072,0.20152552029028337,-32.5382575925388,0.09547614845642036,1.0,0.0,0.0005987080407241072,0.20152552029028337
Acrobot-v1,17,21,-42.42045275155827,25.0,0.9029502560068573,20.78102116675961,0.12573191856430788,1.0,0.0,0.0009897601178890062,0.26180852804710186,-30.41980917143208,0.7850946993860474,0.3028571428571428,0.6971428571428571,0.00031943380173866796,0.18976971517617977,20.152361573938073,0.12573191856430788,1.0,0.0,0.0009897601178890062,0.26180852804710186,20.78102116675961,0.12573191856430788,1.0,0.0,0.0009897601178890062,0.26180852804710186
Acrobot-v1,17,22,-42.42045275155827,25.0,0.9029502560068573,20.78102116675961,0.12573191856430788,1.0,0.0,0.0009897601178890062,0.26180852804710186,-30.41980917143208,0.7850946993860474,0.3028571428571428,0.6971428571428571,0.00031943380173866796,0.18976971517617977,20.152361573938073,0.12573191856430788,1.0,0.0,0.0009897601178890062,0.26180852804710186,20.78102116675961,0.12573191856430788,1.0,0.0,0.0009897601178890062,0.26180852804710186
Acrobot-v1,17,23,-42.96850564828128,25.0,0.43810819549525765,-37.92458592439317,0.08810459508613222,1.0,0.0,0.0004974438251204691,0.18694454330037438,-33.76516821530935,0.7366673895192842,0.33714285714285713,0.6628571428571428,0.0002150708301343863,0.16019928893570293,-38.36510889982383,0.08810459508613222,1.0,0.0,0.0004974438251204691,0.18694454330037438,-37.92458592439317,0.08810459508613222,1.0,0.0,0.0004974438251204691,0.18694454330037438
Acrobot-v1,29,0,-41.60678254516739,25.0,0.5113531748488718,13.825131898620842,0.37033046219298177,0.7314285714285715,0.2685714285714285,0.0005818570232787467,0.21578706096738492,-6.02118608757676,0.775415378868908,0.3028571428571428,0.6971428571428572,0.0002591800790252939,0.16933129131966346,11.973479587655934,0.37033046219298177,0.7314285714285715,0.2685714285714285,0.0005818570232787467,0.21578706096738492,16.790631159801812,0.11870914121008705,1.0,0.0,0.0008507930687998494,0.24867288146597388
Acrobot-v1,29,1,-41.91776709937089,25.0,0.3572756545399036,11.327573708874048,0.1720757694186765,0.9257142857142857,0.07428571428571427,0.00048479844251886404,0.2086925946506918,-26.481596122400806,0.7897579740496649,0.3028571428571428,0.6971428571428572,0.00038770243796916915,0.1989188831178989,10.467194861780666,0.1720757694186765,0.9257142857142857,0.07428571428571427,0.00048479844251886404,0.2086925946506918,12.188916918880686,0.10060976854613396,1.0,0.0,0.0005327857813888185,0.21410551621116308
Acrobot-v1,29,2,-41.60678254516739,25.0,0.5113531748488718,13.825131898620842,0.37033046219298177,0.7314285714285715,0.2685714285714285,0.0005818570232787467,0.21578706096738492,-6.02118608757676,0.775415378868908,0.3028571428571428,0.6971428571428572,0.0002591800790252939,0.16933129131966346,11.973479587655934,0.37033046219298177,0.7314285714285715,0.2685714285714285,0.0005818570232787467,0.21578706096738492,16.790631159801812,0.11870914121008705,1.0,0.0,0.0008507930687998494,0.24867288146597388
Acrobot-v1,29,3,-43.28667553732802,25.0,0.44212324415521825,10.202784132559543,0.1968032080141482,0.8971428571428572,0.10285714285714283,0.0004288799992343536,0.2011445003625122,-21.053760008873564,0.7916205347813003,0.2971428571428571,0.7028571428571427,0.00036054871723456046,0.1908422270806245,9.218768092488801,0.1968032080141482,0.8971428571428572,0.10285714285714283,0.0004288799992343536,0.2011445003625122,19.16876830435187,0.10088901388205672,1.0,0.0,0.0005315074032376379,0.21474878812479015
Acrobot-v1,29,4,-42.74244112221439,25.0,0.8756433930295994,-33.593220527655305,0.12548637112631078,1.0,0.0,0.0008891252385734253,0.2630519315949409,-37.590182889159266,0.9419963360612769,0.16571428571428573,0.8342857142857143,0.00046312161511125895,0.2311236641214945,-34.22065238328686,0.12548637112631078,1.0,0.0,0.0008891252385734253,0.2630519315949409,-33.593220527655305,0.12548637112631078,1.0,0.0,0.0008891252385734253,0.2630519315949409
Acrobot-v1,29,5,-42.76835209956163,25.0,1.0022872969406202,15.130479953009615,0.15410509137487652,0.9485714285714286,0.05142857142857142,0.0005808792953013909,0.21784330129754217,-22.269500612255467,0.7729787668299675,0.32,0.68,0.0003535063457082211,0.200334924587337,14.359954496135233,0.15410509137487652,0.9485714285714286,0.05142857142857142,0.0005808792953013909,0.21784330129754217,16.892077517781868,0.10216756097350484,1.0,0.0,0.0005875682761641716,0.21659336614264763
Acrobot-v1,29,6,-43.31548405344765,25.0,0.18607199607684385,11.559218087261566,0.15092115465028844,0.942857142857143,0.057142857142857134,0.000442341097581085,0.20053237494840576,-28.991937895068602,0.7959500164414988,0.2971428571428571,0.702857142857143,0.000377095404110806,0.20016913411437673,10.804612314010125,0.15092115465028844,0.942857142857143,0.057142857142857134,0.000442341097581085,0.20053237494840576,14.04041459594714,0.09631242153191519,1.0,0.0,0.0004831611924085099,0.20543807109477136
Acrobot-v1,29,7,-43.28667553732802,25.0,0.44212324415521825,10.202784132559543,0.1968032080141482,0.8971428571428572,0.10285714285714283,0.0004288799992343536,0.2011445003625122,-21.053760008873564,0.7916205347813003,0.2971428571428571,0.7028571428571427,0.00036054871723456046,0.1908422270806245,9.218768092488801,0.1968032080141482,0.8971428571428572,0.10285714285714283,0.0004288799992343536,0.2011445003625122,19.16876830435187,0.10088901388205672,1.0,0.0,0.0005315074032376379,0.21474878812479015
Acrobot-v1,29,8,-41.60678254516739,25.0,0.5113531748488718,13.825131898620842,0.37033046219298177,0.7314285714285715,0.2685714285714285,0.0005818570232787467,0.21578706096738492,-6.02118608757676,0.775415378868908,0.3028571428571428,0.6971428571428572,0.0002591800790252939,0.16933129131966346,11.973479587655934,0.37033046219298177,0.7314285714285715,0.2685714285714285,0.0005818570232787467,0.21578706096738492,16.790631159801812,0.11870914121008705,1.0,0.0,0.0008507930687998494,0.24867288146597388
Acrobot-v1,29,9,-39.37704145624923,25.0,1.6132632529172033,-8.363467820308351,0.10765477423413909,1.0,0.0,0.0006744605455015238,0.22724242193361532,-26.980742862370665,0.7471325193592014,0.34285714285714286,0.657142857142857,0.00031228078986249503,0.1944253686609874,-8.901741691479046,0.10765477423413909,1.0,0.0,0.0006744605455015238,0.22724242193361532,-8.363467820308351,0.10765477423413909,1.0,0.0,0.0006744605455015238,0.22724242193361532
Acrobot-v1,29,10,-42.74244112221439,25.0,0.8756433930295994,-33.593220527655305,0.12548637112631078,1.0,0.0,0.0008891252385734253,0.2630519315949409,-37.590182889159266,0.9419963360612769,0.16571428571428573,0.8342857142857143,0.00046312161511125895,0.2311236641214945,-34.22065238328686,0.12548637112631078,1.0,0.0,0.0008891252385734253,0.2630519315949409,-33.593220527655305,0.12548637112631078,1.0,0.0,0.0008891252385734253,0.2630519315949409
Acrobot-v1,29,11,-42.74244112221439,25.0,0.8756433930295994,-33.593220527655305,0.12548637112631078,1.0,0.0,0.0008891252385734253,0.2630519315949409,-37.590182889159266,0.9419963360612769,0.16571428571428573,0.8342857142857143,0.00046312161511125895,0.2311236641214945,-34.22065238328686,0.12548637112631078,1.0,0.0,0.0008891252385734253,0.2630519315949409,-33.593220527655305,0.12548637112631078,1.0,0.0,0.0008891252385734253,0.2630519315949409
Acrobot-v1,29,12,-41.60678254516739,25.0,0.5113531748488718,13.825131898620842,0.37033046219298177,0.7314285714285715,0.2685714285714285,0.0005818570232787467,0.21578706096738492,-6.02118608757676,0.775415378868908,0.3028571428571428,0.6971428571428572,0.0002591800790252939,0.16933129131966346,11.973479587655934,0.37033046219298177,0.7314285714285715,0.2685714285714285,0.0005818570232787467,0.21578706096738492,16.790631159801812,0.11870914121008705,1.0,0.0,0.0008507930687998494,0.24867288146597388
Acrobot-v1,29,13,-42.778181140370414,25.0,2.3105012823389717,14.428919700267466,0.1223109186415683,0.9828571428571429,0.01714285714285714,0.0008815663956138286,0.21803451185289005,-20.881568702227547,0.7347566072278673,0.3542857142857143,0.6457142857142857,0.0003100519933708901,0.19235979014803228,13.817365107059624,0.1223109186415683,0.9828571428571429,0.01714285714285714,0.0008815663956138286,0.21803451185289005,15.231040267738699,0.10583224786803858,1.0,0.0,0.0009347744745427664,0.21856456015932546
Acrobot-v1,29,14,-41.60678254516739,25.0,0.5113531748488718,13.825131898620842,0.37033046219298177,0.7314285714285715,0.2685714285714285,0.0005818570232787467,0.21578706096738492,-6.02118608757676,0.775415378868908,0.3028571428571428,0.6971428571428572,0.0002591800790252939,0.16933129131966346,11.973479587655934,0.37033046219298177,0.7314285714285715,0.2685714285714285,0.0005818570232787467,0.21578706096738492,16.790631159801812,0.11870914121008705,1.0,0.0,0.0008507930687998494,0.24867288146597388
Acrobot-v1,29,15,-42.74244112221439,25.0,0.8756433930295994,-33.593220527655305,0.12548637112631078,1.0,0.0,0.0008891252385734253,0.2630519315949409,-37.590182889159266,0.9419963360612769,0.16571428571428573,0.8342857142857143,0.00046312161511125895,0.2311236641214945,-34.22065238328686,0.12548637112631078,1.0,0.0,0.0008891252385734253,0.2630519315949409,-33.593220527655305,0.12548637112631078,1.0,0.0,0.0008891252385734253,0.2630519315949409
Acrobot-v1,29,16,-41.75208670369422,25.0,0.4430078550725728,19.76328114721902,0.13760844162847827,0.9714285714285715,0.028571428571428567,0.0008346887402260547,0.22746556252275835,-18.4951807140128,0.743955456618549,0.34857142857142853,0.6514285714285714,0.00035529446723286224,0.1992989543380326,19.075238939076627,0.13760844162847827,0.9714285714285715,0.028571428571428567,0.0008346887402260547,0.22746556252275835,18.819219471780563,0.1113203295570149,1.0,0.0,0.001170656178232618,0.22656684473589767
Acrobot-v1,29,17,-36.62879216991672,25.0,4.264799444351099,10.529426474473242,0.19175042415849386,0.9085714285714285,0.09142857142857143,0.0005294664607324416,0.21352471343125093,-18.75841901427743,0.7968873705558629,0.2971428571428571,0.702857142857143,0.0004217492644278371,0.20145829685177172,9.570674353680772,0.19175042415849386,0.9085714285714285,0.09142857142857143,0.0005294664607324416,0.21352471343125093,17.072493547970033,0.10381786868730647,1.0,0.0,0.0005737657363303286,0.2205060951036974
Acrobot-v1,29,18,-41.622219799509224,25.0,1.4808295044706368,5.471340454704873,0.11728360159892436,0.9885714285714287,0.011428571428571429,0.0007238960346115826,0.2223641375410228,-23.496660352308687,0.7503911780525224,0.34285714285714286,0.6571428571428573,0.00039298109714319527,0.2002321602944884,4.884922446710251,0.11728360159892436,0.9885714285714287,0.011428571428571429,0.0007238960346115826,0.2223641375410228,4.385809946242872,0.1082206200056773,1.0,0.0,0.0010007300908844235,0.22269950950800424
Acrobot-v1,29,19,-41.60678254516739,25.0,0.5113531748488718,13.825131898620842,0.37033046219298177,0.7314285714285715,0.2685714285714285,0.0005818570232787467,0.21578706096738492,-6.02118608757676,0.775415378868908,0.3028571428571428,0.6971428571428572,0.0002591800790252939,0.16933129131966346,11.973479587655934,0.37033046219298177,0.7314285714285715,0.2685714285714285,0.0005818570232787467,0.21578706096738492,16.790631159801812,0.11870914121008705,1.0,0.0,0.0008507930687998494,0.24867288146597388
Acrobot-v1,29,20,-41.60678254516739,25.0,0.5113531748488718,13.825131898620842,0.37033046219298177,0.7314285714285715,0.2685714285714285,0.0005818570232787467,0.21578706096738492,-6.02118608757676,0.775415378868908,0.3028571428571428,0.6971428571428572,0.0002591800790252939,0.16933129131966346,11.973479587655934,0.37033046219298177,0.7314285714285715,0.2685714285714285,0.0005818570232787467,0.21578706096738492,16.790631159801812,0.11870914121008705,1.0,0.0,0.0008507930687998494,0.24867288146597388
Acrobot-v1,29,21,-42.74244112221439,25.0,0.8756433930295994,-33.593220527655305,0.12548637112631078,1.0,0.0,0.0008891252385734253,0.2630519315949409,-37.590182889159266,0.9419963360612769,0.16571428571428573,0.8342857142857143,0.00046312161511125895,0.2311236641214945,-34.22065238328686,0.12548637112631078,1.0,0.0,0.0008891252385734253,0.2630519315949409,-33.593220527655305,0.12548637112631078,1.0,0.0,0.0008891252385734253,0.2630519315949409
Acrobot-v1,29,22,-42.74244112221439,25.0,0.8756433930295994,-33.593220527655305,0.12548637112631078,1.0,0.0,0.0008891252385734253,0.2630519315949409,-37.590182889159266,0.9419963360612769,0.16571428571428573,0.8342857142857143,0.00046312161511125895,0.2311236641214945,-34.22065238328686,0.12548637112631078,1.0,0.0,0.0008891252385734253,0.2630519315949409,-33.593220527655305,0.12548637112631078,1.0,0.0,0.0008891252385734253,0.2630519315949409
Acrobot-v1,29,23,-40.11784952215305,25.0,0.8144857471393239,9.2611414472746,0.18227270989456476,0.9142857142857143,0.08571428571428572,0.00046781677283081586,0.2062575333280722,-19.246460092127244,0.8000461400423131,0.2914285714285714,0.7085714285714285,0.00038539137390087403,0.19642573439928313,8.349777897801776,0.18227270989456476,0.9142857142857143,0.08571428571428572,0.00046781677283081586,0.2062575333280722,21.469528522551922,0.10730102135253591,1.0,0.0,0.0006243997872623063,0.2273462734543055
