stale_fraction,strategy,n,metric,mean,ci_low,ci_high
0.45,base_bon,1,true_return,-5.304444444444446,-6.954611111111111,-3.644361111111111
0.45,base_bon,1,proxy_score,-5.308870247904314,-7.087373566024564,-3.5449371443518776
0.45,base_bon,1,proxy_true_gap,-0.004425803459869311,-0.009147805708697722,5.118118616468828e-05
0.45,base_bon,1,hallucinated_rollout,0.0,0.0,0.0
0.45,base_bon,1,retrieval_stale_rate,0.0,0.0,0.0
0.45,base_bon,1,diagnostic_risk,0.0,0.0,0.0
0.45,base_bon,4,true_return,-1.52,-2.503333333333333,-0.7049166666666672
0.45,base_bon,4,proxy_score,-1.524624775870422,-2.5588275952507527,-0.754320520648331
0.45,base_bon,4,proxy_true_gap,-0.004624775870422,-0.010570247080738285,0.0025195901694490715
0.45,base_bon,4,hallucinated_rollout,0.0,0.0,0.0
0.45,base_bon,4,retrieval_stale_rate,0.0,0.0,0.0
0.45,base_bon,4,diagnostic_risk,0.0,0.0,0.0
0.45,base_bon,16,true_return,-0.31444444444444447,-0.4794444444444444,-0.2
0.45,base_bon,16,proxy_score,-0.3255000519729847,-0.4839074763527497,-0.2130634173021938
0.45,base_bon,16,proxy_true_gap,-0.011055607528540245,-0.015788775617112207,-0.006157164372323713
0.45,base_bon,16,hallucinated_rollout,0.0,0.0,0.0
0.45,base_bon,16,retrieval_stale_rate,0.0,0.0,0.0
0.45,base_bon,16,diagnostic_risk,0.0,0.0,0.0
0.45,base_bon,64,true_return,-0.18666666666666665,-0.19666666666666666,-0.18000000000000002
0.45,base_bon,64,proxy_score,-0.19971099898306885,-0.20920940771669544,-0.19207861077954225
0.45,base_bon,64,proxy_true_gap,-0.013044332316402183,-0.01693452381038888,-0.009518812901720408
0.45,base_bon,64,hallucinated_rollout,0.0,0.0,0.0
0.45,base_bon,64,retrieval_stale_rate,0.0,0.0,0.0
0.45,base_bon,64,diagnostic_risk,0.0,0.0,0.0
0.45,memory_bon,1,true_return,-5.304444444444446,-7.083319444444445,-3.479361111111112
0.45,memory_bon,1,proxy_score,-6.087199263796733,-6.636381265018289,-5.55076419345391
0.45,memory_bon,1,proxy_true_gap,-0.782754819352289,-2.575415910272437,0.9550667430246247
0.45,memory_bon,1,hallucinated_rollout,0.0,0.0,0.0
0.45,memory_bon,1,retrieval_precision,0.5462962962962963,0.5123456790123457,0.5825617283950617
0.45,memory_bon,1,retrieval_stale_rate,0.4537037037037038,0.41820987654320985,0.4876543209876544
0.45,memory_bon,1,diagnostic_risk,1.3792686020703853,1.2896329291584412,1.4695401461713844
0.45,memory_bon,4,true_return,-2.6344444444444446,-4.173416666666666,-1.4155555555555557
0.45,memory_bon,4,proxy_score,-4.624770861402649,-5.170367546894795,-4.056763259960096
0.45,memory_bon,4,proxy_true_gap,-1.990326416958204,-3.2149974993235837,-0.5429306730272601
0.45,memory_bon,4,hallucinated_rollout,0.0,0.0,0.0
0.45,memory_bon,4,retrieval_precision,0.5347222222222222,0.4976658950617283,0.5733217592592592
0.45,memory_bon,4,retrieval_stale_rate,0.4652777777777778,0.42746913580246915,0.5046296296296297
0.45,memory_bon,4,diagnostic_risk,1.4030252213831316,1.2866917787904104,1.5306372668385189
0.45,memory_bon,16,true_return,-1.8666666666666667,-3.2573888888888893,-0.87
0.45,memory_bon,16,proxy_score,-3.791858618558188,-4.241274397397765,-3.291900174282334
0.45,memory_bon,16,proxy_true_gap,-1.925191951891521,-3.060414913546585,-0.5016251080983747
0.45,memory_bon,16,hallucinated_rollout,0.0,0.0,0.0
0.45,memory_bon,16,retrieval_precision,0.566358024691358,0.5324074074074073,0.599537037037037
0.45,memory_bon,16,retrieval_stale_rate,0.4336419753086419,0.3996913580246913,0.46682098765432095
0.45,memory_bon,16,diagnostic_risk,1.3970194400901557,1.2663029469405223,1.5322353924005212
0.45,memory_bon,64,true_return,-2.1527777777777777,-3.4828611111111116,-1.3177777777777777
0.45,memory_bon,64,proxy_score,-3.6287502457443535,-4.034564515450443,-3.2295190256209736
0.45,memory_bon,64,proxy_true_gap,-1.4759724679665756,-2.5401737030227087,-0.09700924930019107
0.45,memory_bon,64,hallucinated_rollout,0.0,0.0,0.0
0.45,memory_bon,64,retrieval_precision,0.5694444444444444,0.537037037037037,0.6026234567901234
0.45,memory_bon,64,retrieval_stale_rate,0.4305555555555555,0.39891975308641975,0.4637345679012345
0.45,memory_bon,64,diagnostic_risk,1.4650513878822506,1.356686220380681,1.5692878611635492
0.45,oracle_memory_bon,1,true_return,-5.304444444444446,-7.075555555555555,-3.5331666666666677
0.45,oracle_memory_bon,1,proxy_score,-5.2815307235486415,-7.0236470592946745,-3.598520951295112
0.45,oracle_memory_bon,1,proxy_true_gap,0.022913720895803867,-0.20408797926865224,0.24229038415165244
0.45,oracle_memory_bon,1,hallucinated_rollout,0.0,0.0,0.0
0.45,oracle_memory_bon,1,retrieval_precision,1.0,1.0,1.0
0.45,oracle_memory_bon,1,retrieval_stale_rate,0.0,0.0,0.0
0.45,oracle_memory_bon,1,diagnostic_risk,0.02547932499097126,0.014619157197566972,0.03795405182249375
0.45,oracle_memory_bon,4,true_return,-1.6344444444444444,-2.573888888888889,-0.8566666666666666
0.45,oracle_memory_bon,4,proxy_score,-1.8076792530586863,-2.725528689128006,-1.0890892791650904
0.45,oracle_memory_bon,4,proxy_true_gap,-0.1732348086142418,-0.5485607404705678,0.2093850242061391
0.45,oracle_memory_bon,4,hallucinated_rollout,0.0,0.0,0.0
0.45,oracle_memory_bon,4,retrieval_precision,1.0,1.0,1.0
0.45,oracle_memory_bon,4,retrieval_stale_rate,0.0,0.0,0.0
0.45,oracle_memory_bon,4,diagnostic_risk,0.04176251298911189,0.029010470889164173,0.054826095626456746
0.45,oracle_memory_bon,16,true_return,-1.327777777777778,-1.5600000000000003,-1.0450000000000002
0.45,oracle_memory_bon,16,proxy_score,-0.7442891534895604,-0.9897054529566393,-0.5331968046988235
0.45,oracle_memory_bon,16,proxy_true_gap,0.5834886242882176,0.12986385877812567,0.9904541769307049
0.45,oracle_memory_bon,16,hallucinated_rollout,0.0,0.0,0.0
0.45,oracle_memory_bon,16,retrieval_precision,1.0,1.0,1.0
0.45,oracle_memory_bon,16,retrieval_stale_rate,0.0,0.0,0.0
0.45,oracle_memory_bon,16,diagnostic_risk,0.058757272868434934,0.05009552552404986,0.06735816617080174
0.45,oracle_memory_bon,64,true_return,-1.4994444444444446,-1.785555555555556,-1.1627777777777777
0.45,oracle_memory_bon,64,proxy_score,-0.5704942543885513,-0.7686603729938367,-0.4128515467085988
0.45,oracle_memory_bon,64,proxy_true_gap,0.9289501900558932,0.6371572404467452,1.2022910174837154
0.45,oracle_memory_bon,64,hallucinated_rollout,0.0,0.0,0.0
0.45,oracle_memory_bon,64,retrieval_precision,1.0,1.0,1.0
0.45,oracle_memory_bon,64,retrieval_stale_rate,0.0,0.0,0.0
0.45,oracle_memory_bon,64,diagnostic_risk,0.06427285976700906,0.05837403283907629,0.0695692853655903
0.45,repaired_memory_bon,1,true_return,-5.304444444444446,-7.078888888888889,-3.5872222222222225
0.45,repaired_memory_bon,1,proxy_score,-5.596394587350003,-7.295085005940611,-4.0206695636523815
0.45,repaired_memory_bon,1,proxy_true_gap,-0.2919501429055593,-0.5397637284806778,-0.038125715376061554
0.45,repaired_memory_bon,1,hallucinated_rollout,0.0,0.0,0.0
0.45,repaired_memory_bon,1,retrieval_precision,0.9198232323232324,0.8806818181818181,0.9583333333333334
0.45,repaired_memory_bon,1,retrieval_stale_rate,0.08017676767676765,0.043544823232323206,0.1237373737373737
0.45,repaired_memory_bon,1,diagnostic_risk,0.3133513441394846,0.18771929524184222,0.4484025804740096
0.45,repaired_memory_bon,4,true_return,-1.52,-2.4637916666666664,-0.7488888888888889
0.45,repaired_memory_bon,4,proxy_score,-2.051833339124694,-2.9358626786184248,-1.400331191470227
0.45,repaired_memory_bon,4,proxy_true_gap,-0.5318333391246943,-0.8459544492321908,-0.1838597642512279
0.45,repaired_memory_bon,4,hallucinated_rollout,0.0,0.0,0.0
0.45,repaired_memory_bon,4,retrieval_precision,0.8844696969696969,0.8440498737373737,0.9229955808080808
0.45,repaired_memory_bon,4,retrieval_stale_rate,0.11553030303030301,0.0751262626262626,0.1591066919191918
0.45,repaired_memory_bon,4,diagnostic_risk,0.3837695815317812,0.26989353811486916,0.49229207228931365
0.45,repaired_memory_bon,16,true_return,-0.7688888888888888,-0.991111111111111,-0.5466666666666666
0.45,repaired_memory_bon,16,proxy_score,-1.157089887054425,-1.3311292108925907,-1.0042006885853432
0.45,repaired_memory_bon,16,proxy_true_gap,-0.3882009981655365,-0.6989868186933814,-0.0802958270537189
0.45,repaired_memory_bon,16,hallucinated_rollout,0.0,0.0,0.0
0.45,repaired_memory_bon,16,retrieval_precision,0.8440656565656566,0.8068181818181819,0.8762626262626262
0.45,repaired_memory_bon,16,retrieval_stale_rate,0.1559343434343434,0.12184343434343431,0.19255050505050503
0.45,repaired_memory_bon,16,diagnostic_risk,0.5084270433149417,0.4115887342026575,0.6103285337448693
0.45,repaired_memory_bon,64,true_return,-1.1022222222222224,-1.3816666666666668,-0.8293611111111115
0.45,repaired_memory_bon,64,proxy_score,-0.8913808470758053,-0.9820901595701721,-0.8086788794959353
0.45,repaired_memory_bon,64,proxy_true_gap,0.21084137514641677,-0.07407231733908076,0.476207012749518
0.45,repaired_memory_bon,64,hallucinated_rollout,0.0,0.0,0.0
0.45,repaired_memory_bon,64,retrieval_precision,0.8314393939393939,0.7941919191919191,0.8667929292929294
0.45,repaired_memory_bon,64,retrieval_stale_rate,0.16856060606060602,0.13510101010101006,0.2064393939393939
0.45,repaired_memory_bon,64,diagnostic_risk,0.5171685097592915,0.4302503254535807,0.6040955855062143
0.65,base_bon,1,true_return,-6.082222222222223,-8.035930555555556,-4.193333333333333
0.65,base_bon,1,proxy_score,-6.083343246501966,-8.135154681789528,-4.082707043236277
0.65,base_bon,1,proxy_true_gap,-0.0011210242797430878,-0.006426765058481286,0.004416774455339187
0.65,base_bon,1,hallucinated_rollout,0.0,0.0,0.0
0.65,base_bon,1,retrieval_stale_rate,0.0,0.0,0.0
0.65,base_bon,1,diagnostic_risk,0.0,0.0,0.0
0.65,base_bon,4,true_return,-1.657777777777778,-2.3850833333333337,-0.9944444444444444
0.65,base_bon,4,proxy_score,-1.6621575099836408,-2.387505874638032,-1.0261294691946907
0.65,base_bon,4,proxy_true_gap,-0.0043797322058632205,-0.013845161721386686,0.005885920802484024
0.65,base_bon,4,hallucinated_rollout,0.0,0.0,0.0
0.65,base_bon,4,retrieval_stale_rate,0.0,0.0,0.0
0.65,base_bon,4,diagnostic_risk,0.0,0.0,0.0
0.65,base_bon,16,true_return,-0.5233333333333333,-0.8027777777777778,-0.29777777777777775
0.65,base_bon,16,proxy_score,-0.5328054333031607,-0.8196160822564279,-0.3107028018832151
0.65,base_bon,16,proxy_true_gap,-0.00947209996982729,-0.01709253899369663,-0.0015596805052328312
0.65,base_bon,16,hallucinated_rollout,0.0,0.0,0.0
0.65,base_bon,16,retrieval_stale_rate,0.0,0.0,0.0
0.65,base_bon,16,diagnostic_risk,0.0,0.0,0.0
0.65,base_bon,64,true_return,-0.18666666666666668,-0.19666666666666668,-0.18000000000000002
0.65,base_bon,64,proxy_score,-0.20039143585878308,-0.2099948466439283,-0.19150999674979763
0.65,base_bon,64,proxy_true_gap,-0.013724769192116413,-0.02033049487642566,-0.008000180084288756
0.65,base_bon,64,hallucinated_rollout,0.0,0.0,0.0
0.65,base_bon,64,retrieval_stale_rate,0.0,0.0,0.0
0.65,base_bon,64,diagnostic_risk,0.0,0.0,0.0
0.65,memory_bon,1,true_return,-6.082222222222223,-8.136111111111113,-4.0447500000000005
0.65,memory_bon,1,proxy_score,-6.239246747182711,-6.616416572633514,-5.871619566820035
0.65,memory_bon,1,proxy_true_gap,-0.15702452496048835,-2.1723163307422153,2.0343816810386466
0.65,memory_bon,1,hallucinated_rollout,0.0,0.0,0.0
0.65,memory_bon,1,retrieval_precision,0.36419753086419754,0.34027777777777773,0.3873456790123456
0.65,memory_bon,1,retrieval_stale_rate,0.6358024691358025,0.613425925925926,0.6597222222222222
0.65,memory_bon,1,diagnostic_risk,1.4825179091069942,1.401178290674404,1.5566492693041707
0.65,memory_bon,4,true_return,-8.880000000000003,-10.937305555555557,-6.9293750000000065
0.65,memory_bon,4,proxy_score,-5.031313875524759,-5.375335121885357,-4.682155222265738
0.65,memory_bon,4,proxy_true_gap,3.84868612447524,1.5659569731880083,6.016035961509602
0.65,memory_bon,4,hallucinated_rollout,0.0,0.0,0.0
0.65,memory_bon,4,retrieval_precision,0.3479938271604938,0.32716049382716045,0.37345679012345673
0.65,memory_bon,4,retrieval_stale_rate,0.6520061728395062,0.6265239197530863,0.6736111111111112
0.65,memory_bon,4,diagnostic_risk,1.5788396255712922,1.4991966514432882,1.663670247827679
0.65,memory_bon,16,true_return,-9.385000000000002,-10.893333333333336,-7.684402777777781
0.65,memory_bon,16,proxy_score,-4.626286765153804,-4.946316830072937,-4.296958476246907
0.65,memory_bon,16,proxy_true_gap,4.758713234846197,3.0825926484831165,6.242504005210929
0.65,memory_bon,16,hallucinated_rollout,0.0,0.0,0.0
0.65,memory_bon,16,retrieval_precision,0.34336419753086417,0.3209876543209876,0.3649691358024691
0.65,memory_bon,16,retrieval_stale_rate,0.6566358024691358,0.6350115740740739,0.6790123456790124
0.65,memory_bon,16,diagnostic_risk,1.6349411871001678,1.5714572737228056,1.6956130151030009
0.65,memory_bon,64,true_return,-10.711666666666668,-11.876666666666669,-9.43888888888889
0.65,memory_bon,64,proxy_score,-4.324230619593418,-4.608030212022182,-4.0380833739824995
0.65,memory_bon,64,proxy_true_gap,6.387436047073248,5.084163788352365,7.61651101337484
0.65,memory_bon,64,hallucinated_rollout,0.0,0.0,0.0
0.65,memory_bon,64,retrieval_precision,0.34953703703703703,0.3256172839506173,0.3711419753086419
0.65,memory_bon,64,retrieval_stale_rate,0.6504629629629631,0.628858024691358,0.6728587962962963
0.65,memory_bon,64,diagnostic_risk,1.5659320456628842,1.4749574433573331,1.6603518362371978
0.65,oracle_memory_bon,1,true_return,-6.082222222222223,-8.143791666666667,-4.085388888888889
0.65,oracle_memory_bon,1,proxy_score,-6.096199598174835,-7.967871791534307,-4.341861863036931
0.65,oracle_memory_bon,1,proxy_true_gap,-0.013977375952612904,-0.35617481932775014,0.3274624191056451
0.65,oracle_memory_bon,1,hallucinated_rollout,0.0,0.0,0.0
0.65,oracle_memory_bon,1,retrieval_precision,1.0,1.0,1.0
0.65,oracle_memory_bon,1,retrieval_stale_rate,0.0,0.0,0.0
0.65,oracle_memory_bon,1,diagnostic_risk,0.040523534621236625,0.02761583532938004,0.055875162383637364
0.65,oracle_memory_bon,4,true_return,-1.7150000000000003,-2.496111111111111,-1.0450000000000002
0.65,oracle_memory_bon,4,proxy_score,-1.9376930118948128,-2.5596117029198804,-1.3844510841968631
0.65,oracle_memory_bon,4,proxy_true_gap,-0.22269301189481253,-0.7147361401521595,0.260882760451054
0.65,oracle_memory_bon,4,hallucinated_rollout,0.0,0.0,0.0
0.65,oracle_memory_bon,4,retrieval_precision,1.0,1.0,1.0
0.65,oracle_memory_bon,4,retrieval_stale_rate,0.0,0.0,0.0
0.65,oracle_memory_bon,4,diagnostic_risk,0.057701770240042194,0.044187259373511534,0.07075665611165402
0.65,oracle_memory_bon,16,true_return,-1.6677777777777778,-1.9572222222222224,-1.3311111111111111
0.65,oracle_memory_bon,16,proxy_score,-1.0890332150206432,-1.4073229241734508,-0.818804414392104
0.65,oracle_memory_bon,16,proxy_true_gap,0.5787445627571346,0.18623973299098454,0.9468022663951775
0.65,oracle_memory_bon,16,hallucinated_rollout,0.0,0.0,0.0
0.65,oracle_memory_bon,16,retrieval_precision,1.0,1.0,1.0
0.65,oracle_memory_bon,16,retrieval_stale_rate,0.0,0.0,0.0
0.65,oracle_memory_bon,16,diagnostic_risk,0.06959488359421477,0.05832130344513807,0.08140407683176722
0.65,oracle_memory_bon,64,true_return,-1.6105555555555557,-1.953888888888889,-1.21
0.65,oracle_memory_bon,64,proxy_score,-1.0278371434255242,-1.3596358973166212,-0.7274372970480847
0.65,oracle_memory_bon,64,proxy_true_gap,0.5827184121300314,0.14462941439592217,1.003488269233552
0.65,oracle_memory_bon,64,hallucinated_rollout,0.0,0.0,0.0
0.65,oracle_memory_bon,64,retrieval_precision,1.0,1.0,1.0
0.65,oracle_memory_bon,64,retrieval_stale_rate,0.0,0.0,0.0
0.65,oracle_memory_bon,64,diagnostic_risk,0.06895373082822139,0.059287966215312425,0.07916077278666656
0.65,repaired_memory_bon,1,true_return,-6.082222222222223,-7.978708333333334,-4.095555555555555
0.65,repaired_memory_bon,1,proxy_score,-6.572828381240274,-8.41261314305899,-4.7633444626692985
0.65,repaired_memory_bon,1,proxy_true_gap,-0.4906061590180517,-0.8466081087496102,-0.16049721253213384
0.65,repaired_memory_bon,1,hallucinated_rollout,0.0,0.0,0.0
0.65,repaired_memory_bon,1,retrieval_precision,0.8169191919191918,0.7525094696969695,0.8768939393939394
0.65,repaired_memory_bon,1,retrieval_stale_rate,0.18308080808080804,0.11994949494949488,0.24749053030303014
0.65,repaired_memory_bon,1,diagnostic_risk,0.5551830331347227,0.3674437986656987,0.7354110454280642
0.65,repaired_memory_bon,4,true_return,-1.7183333333333337,-2.499527777777778,-1.0954722222222228
0.65,repaired_memory_bon,4,proxy_score,-2.3930288311378667,-3.059181382287602,-1.822741032328932
0.65,repaired_memory_bon,4,proxy_true_gap,-0.674695497804533,-1.0236735318393462,-0.34599334607846904
0.65,repaired_memory_bon,4,hallucinated_rollout,0.0,0.0,0.0
0.65,repaired_memory_bon,4,retrieval_precision,0.7550505050505051,0.711489898989899,0.7979955808080808
0.65,repaired_memory_bon,4,retrieval_stale_rate,0.24494949494949492,0.2007575757575757,0.288510101010101
0.65,repaired_memory_bon,4,diagnostic_risk,0.7374656560910471,0.6065207638057317,0.8534399623216778
0.65,repaired_memory_bon,16,true_return,-1.2705555555555557,-1.667777777777778,-0.923888888888889
0.65,repaired_memory_bon,16,proxy_score,-1.3313733038948847,-1.4591684995087686,-1.2165405329995933
0.65,repaired_memory_bon,16,proxy_true_gap,-0.060817748339329354,-0.44010658114141704,0.34175425245423485
0.65,repaired_memory_bon,16,hallucinated_rollout,0.0,0.0,0.0
0.65,repaired_memory_bon,16,retrieval_precision,0.7001262626262625,0.6609848484848484,0.740530303030303
0.65,repaired_memory_bon,16,retrieval_stale_rate,0.2998737373737373,0.2607165404040403,0.3390151515151515
0.65,repaired_memory_bon,16,diagnostic_risk,0.821441270945711,0.7291679696418079,0.9190205347713226
0.65,repaired_memory_bon,64,true_return,-1.2738888888888888,-1.502777777777778,-1.0483333333333336
0.65,repaired_memory_bon,64,proxy_score,-1.1891403978678012,-1.3288291902460279,-1.0586940483971243
0.65,repaired_memory_bon,64,proxy_true_gap,0.08474849102108782,-0.1829088230611463,0.330125983659244
0.65,repaired_memory_bon,64,hallucinated_rollout,0.0,0.0,0.0
0.65,repaired_memory_bon,64,retrieval_precision,0.7266414141414141,0.6919191919191918,0.7569444444444444
0.65,repaired_memory_bon,64,retrieval_stale_rate,0.27335858585858586,0.2424242424242424,0.3061868686868687
0.65,repaired_memory_bon,64,diagnostic_risk,0.7441872994451875,0.6824116284057308,0.8053648440989152
0.85,base_bon,1,true_return,-7.870000000000001,-9.93840277777778,-5.603805555555557
0.85,base_bon,1,proxy_score,-7.874150925162867,-9.987487452135417,-5.6996716485879
0.85,base_bon,1,proxy_true_gap,-0.004150925162867284,-0.011574747088902297,0.003103040054146253
0.85,base_bon,1,hallucinated_rollout,0.0,0.0,0.0
0.85,base_bon,1,retrieval_stale_rate,0.0,0.0,0.0
0.85,base_bon,1,diagnostic_risk,0.0,0.0,0.0
0.85,base_bon,4,true_return,-1.6511111111111112,-2.136277777777778,-1.2472222222222222
0.85,base_bon,4,proxy_score,-1.647178959725344,-2.147512490694154,-1.207580781596321
0.85,base_bon,4,proxy_true_gap,0.003932151385767389,-0.0033938440927922574,0.01103134573643585
0.85,base_bon,4,hallucinated_rollout,0.0,0.0,0.0
0.85,base_bon,4,retrieval_stale_rate,0.0,0.0,0.0
0.85,base_bon,4,diagnostic_risk,0.0,0.0,0.0
0.85,base_bon,16,true_return,-0.5266666666666667,-0.7555555555555555,-0.3011111111111111
0.85,base_bon,16,proxy_score,-0.536677598416381,-0.7603421484347778,-0.31878482872696123
0.85,base_bon,16,proxy_true_gap,-0.010010931749714251,-0.0174716163588249,-0.0014082563684316557
0.85,base_bon,16,hallucinated_rollout,0.0,0.0,0.0
0.85,base_bon,16,retrieval_stale_rate,0.0,0.0,0.0
0.85,base_bon,16,diagnostic_risk,0.0,0.0,0.0
0.85,base_bon,64,true_return,-0.18000000000000002,-0.18000000000000002,-0.18000000000000002
0.85,base_bon,64,proxy_score,-0.19781406873064203,-0.202934417583467,-0.19284748297424478
0.85,base_bon,64,proxy_true_gap,-0.017814068730642025,-0.0227313673464267,-0.012630624001663959
0.85,base_bon,64,hallucinated_rollout,0.0,0.0,0.0
0.85,base_bon,64,retrieval_stale_rate,0.0,0.0,0.0
0.85,base_bon,64,diagnostic_risk,0.0,0.0,0.0
0.85,memory_bon,1,true_return,-7.870000000000001,-10.146194444444445,-5.644361111111111
0.85,memory_bon,1,proxy_score,-5.94362119760124,-7.034532634988281,-4.871013539698631
0.85,memory_bon,1,proxy_true_gap,1.9263788023987602,-1.3699172605115182,5.196175226682869
0.85,memory_bon,1,hallucinated_rollout,0.0,0.0,0.0
0.85,memory_bon,1,retrieval_precision,0.1643518518518518,0.14506172839506168,0.18518518518518515
0.85,memory_bon,1,retrieval_stale_rate,0.835648148148148,0.8148148148148147,0.8549382716049381
0.85,memory_bon,1,diagnostic_risk,1.3013507482753779,1.2405598051543165,1.3690522286778635
0.85,memory_bon,4,true_return,-11.816111111111113,-12.553416666666667,-10.974444444444446
0.85,memory_bon,4,proxy_score,-3.546991764748508,-4.017536447080171,-3.1037547258508678
0.85,memory_bon,4,proxy_true_gap,8.269119346362604,7.129818273608084,9.351921443120757
0.85,memory_bon,4,hallucinated_rollout,0.05555555555555555,0.0,0.16666666666666666
0.85,memory_bon,4,retrieval_precision,0.15432098765432095,0.13888888888888887,0.16975308641975304
0.85,memory_bon,4,retrieval_stale_rate,0.8456790123456789,0.8302469135802468,0.8618827160493826
0.85,memory_bon,4,diagnostic_risk,1.3089845801179016,1.2285423042159567,1.385441581520544
0.85,memory_bon,16,true_return,-12.654444444444445,-13.213333333333335,-12.038333333333334
0.85,memory_bon,16,proxy_score,-2.9783594603769012,-3.280345208502568,-2.688177328298935
0.85,memory_bon,16,proxy_true_gap,9.676084984067543,8.957538692580023,10.386074304244005
0.85,memory_bon,16,hallucinated_rollout,0.0,0.0,0.0
0.85,memory_bon,16,retrieval_precision,0.15509259259259253,0.13657407407407407,0.1728395061728395
0.85,memory_bon,16,retrieval_stale_rate,0.8449074074074074,0.8271604938271605,0.863425925925926
0.85,memory_bon,16,diagnostic_risk,1.3084578710100774,1.2388847346737357,1.387592595442932
0.85,memory_bon,64,true_return,-13.334444444444447,-13.785555555555558,-12.832694444444448
0.85,memory_bon,64,proxy_score,-2.590954446303383,-2.8578693445506533,-2.3165421758519136
0.85,memory_bon,64,proxy_true_gap,10.743489998141062,10.046349107319188,11.366653547127129
0.85,memory_bon,64,hallucinated_rollout,0.05555555555555555,0.0,0.16666666666666666
0.85,memory_bon,64,retrieval_precision,0.15663580246913578,0.13580246913580246,0.17592592592592587
0.85,memory_bon,64,retrieval_stale_rate,0.8433641975308641,0.824074074074074,0.8642168209876542
0.85,memory_bon,64,diagnostic_risk,1.2852382754972649,1.2338079158559696,1.338329154274381
0.85,oracle_memory_bon,1,true_return,-7.870000000000001,-9.984444444444446,-5.6239305555555585
0.85,oracle_memory_bon,1,proxy_score,-7.467676692942845,-9.267869386042724,-5.576030700706083
0.85,oracle_memory_bon,1,proxy_true_gap,0.4023233070571559,-0.19467148292800965,0.959299701027597
0.85,oracle_memory_bon,1,hallucinated_rollout,0.0,0.0,0.0
0.85,oracle_memory_bon,1,retrieval_precision,1.0,1.0,1.0
0.85,oracle_memory_bon,1,retrieval_stale_rate,0.0,0.0,0.0
0.85,oracle_memory_bon,1,diagnostic_risk,0.07444368492328418,0.05895574536990442,0.08873619082469503
0.85,oracle_memory_bon,4,true_return,-1.7083333333333335,-2.2133333333333334,-1.317777777777778
0.85,oracle_memory_bon,4,proxy_score,-2.3742418579024838,-2.899825913707768,-1.8157887706279632
0.85,oracle_memory_bon,4,proxy_true_gap,-0.6659085245691504,-1.1498599385087545,-0.18094610112535908
0.85,oracle_memory_bon,4,hallucinated_rollout,0.0,0.0,0.0
0.85,oracle_memory_bon,4,retrieval_precision,1.0,1.0,1.0
0.85,oracle_memory_bon,4,retrieval_stale_rate,0.0,0.0,0.0
0.85,oracle_memory_bon,4,diagnostic_risk,0.07324832967260231,0.062476678096657245,0.08499969401807157
0.85,oracle_memory_bon,16,true_return,-1.1661111111111113,-1.5027777777777778,-0.8327777777777778
0.85,oracle_memory_bon,16,proxy_score,-1.7957624976963606,-2.252023539668777,-1.3041094120159307
0.85,oracle_memory_bon,16,proxy_true_gap,-0.6296513865852497,-1.339747831237612,0.08338434562469028
0.85,oracle_memory_bon,16,hallucinated_rollout,0.0,0.0,0.0
0.85,oracle_memory_bon,16,retrieval_precision,1.0,1.0,1.0
0.85,oracle_memory_bon,16,retrieval_stale_rate,0.0,0.0,0.0
0.85,oracle_memory_bon,16,diagnostic_risk,0.08749926627160741,0.07188175269191632,0.10632815599511652
0.85,oracle_memory_bon,64,true_return,-1.7283333333333337,-2.011111111111111,-1.3883333333333334
0.85,oracle_memory_bon,64,proxy_score,-1.611381761640123,-2.0960786645169334,-1.151282107263785
0.85,oracle_memory_bon,64,proxy_true_gap,0.11695157169321038,-0.32310849792501956,0.5543510667872511
0.85,oracle_memory_bon,64,hallucinated_rollout,0.0,0.0,0.0
0.85,oracle_memory_bon,64,retrieval_precision,1.0,1.0,1.0
0.85,oracle_memory_bon,64,retrieval_stale_rate,0.0,0.0,0.0
0.85,oracle_memory_bon,64,diagnostic_risk,0.09790434630324514,0.08123806839407091,0.11723490351281193
0.85,repaired_memory_bon,1,true_return,-7.870000000000001,-9.984444444444446,-5.5938888888888885
0.85,repaired_memory_bon,1,proxy_score,-7.960605321398822,-9.806913830824373,-5.971033686205576
0.85,repaired_memory_bon,1,proxy_true_gap,-0.09060532139882183,-0.6438672840230446,0.43054609099107866
0.85,repaired_memory_bon,1,hallucinated_rollout,0.0,0.0,0.0
0.85,repaired_memory_bon,1,retrieval_precision,0.5965909090909092,0.5265151515151516,0.682449494949495
0.85,repaired_memory_bon,1,retrieval_stale_rate,0.40340909090909094,0.3232165404040404,0.4753945707070706
0.85,repaired_memory_bon,1,diagnostic_risk,0.9660199142489314,0.7911032275125066,1.125790243943408
0.85,repaired_memory_bon,4,true_return,-1.8161111111111115,-2.324527777777778,-1.3716666666666668
0.85,repaired_memory_bon,4,proxy_score,-3.554711992369142,-4.009810351063225,-3.1018579453867776
0.85,repaired_memory_bon,4,proxy_true_gap,-1.738600881258031,-2.111446420355498,-1.3576483687922374
0.85,repaired_memory_bon,4,hallucinated_rollout,0.0,0.0,0.0
0.85,repaired_memory_bon,4,retrieval_precision,0.6445707070707071,0.5965909090909091,0.6874999999999999
0.85,repaired_memory_bon,4,retrieval_stale_rate,0.35542929292929293,0.3131313131313131,0.40214646464646464
0.85,repaired_memory_bon,4,diagnostic_risk,0.9239461195348002,0.8383192180691184,1.010531101478971
0.85,repaired_memory_bon,16,true_return,-1.1594444444444443,-1.5500000000000003,-0.8194444444444444
0.85,repaired_memory_bon,16,proxy_score,-2.73497710947773,-3.134982961893365,-2.30288909100263
0.85,repaired_memory_bon,16,proxy_true_gap,-1.5755326650332853,-2.20791050498916,-0.9028883986451637
0.85,repaired_memory_bon,16,hallucinated_rollout,0.0,0.0,0.0
0.85,repaired_memory_bon,16,retrieval_precision,0.5808080808080808,0.5271306818181818,0.6369949494949494
0.85,repaired_memory_bon,16,retrieval_stale_rate,0.4191919191919191,0.36551452020202013,0.4753945707070706
0.85,repaired_memory_bon,16,diagnostic_risk,1.0141118604868398,0.9430960603902104,1.0933275945783127
0.85,repaired_memory_bon,64,true_return,-1.8966666666666672,-2.1255555555555556,-1.6105555555555557
0.85,repaired_memory_bon,64,proxy_score,-2.135304480538893,-2.454328614303722,-1.8773751998418267
0.85,repaired_memory_bon,64,proxy_true_gap,-0.2386378138722264,-0.5914096437575571,0.08653254055269023
0.85,repaired_memory_bon,64,hallucinated_rollout,0.0,0.0,0.0
0.85,repaired_memory_bon,64,retrieval_precision,0.5088383838383838,0.4671559343434343,0.55239898989899
0.85,repaired_memory_bon,64,retrieval_stale_rate,0.49116161616161613,0.44633838383838387,0.534090909090909
0.85,repaired_memory_bon,64,diagnostic_risk,1.0837887956896366,1.0032376748014664,1.162125637277328
0.93,base_bon,1,true_return,-4.482777777777777,-6.526916666666667,-2.536583333333334
0.93,base_bon,1,proxy_score,-4.485642117960258,-6.54768255788371,-2.5858361299958683
0.93,base_bon,1,proxy_true_gap,-0.002864340182480684,-0.015373069046517068,0.010041242297026185
0.93,base_bon,1,hallucinated_rollout,0.0,0.0,0.0
0.93,base_bon,1,retrieval_stale_rate,0.0,0.0,0.0
0.93,base_bon,1,diagnostic_risk,0.0,0.0,0.0
0.93,base_bon,4,true_return,-1.5805555555555555,-2.7489722222222226,-0.7488888888888889
0.93,base_bon,4,proxy_score,-1.5840533706103495,-2.7373361043580893,-0.747175364915109
0.93,base_bon,4,proxy_true_gap,-0.003497815054793728,-0.017775042507659603,0.011586572824054817
0.93,base_bon,4,hallucinated_rollout,0.0,0.0,0.0
0.93,base_bon,4,retrieval_stale_rate,0.0,0.0,0.0
0.93,base_bon,4,diagnostic_risk,0.0,0.0,0.0
0.93,base_bon,16,true_return,-0.375,-0.5466666666666666,-0.21000000000000002
0.93,base_bon,16,proxy_score,-0.39309324736560103,-0.5646843599469544,-0.24010620903790908
0.93,base_bon,16,proxy_true_gap,-0.01809324736560107,-0.032346129522883064,-0.003478776272367637
0.93,base_bon,16,hallucinated_rollout,0.0,0.0,0.0
0.93,base_bon,16,retrieval_stale_rate,0.0,0.0,0.0
0.93,base_bon,16,diagnostic_risk,0.0,0.0,0.0
0.93,base_bon,64,true_return,-0.18000000000000002,-0.18000000000000002,-0.18000000000000002
0.93,base_bon,64,proxy_score,-0.20822948574042358,-0.21981049799186256,-0.19833716432059526
0.93,base_bon,64,proxy_true_gap,-0.028229485740423603,-0.03944464940832876,-0.017862303706240985
0.93,base_bon,64,hallucinated_rollout,0.0,0.0,0.0
0.93,base_bon,64,retrieval_stale_rate,0.0,0.0,0.0
0.93,base_bon,64,diagnostic_risk,0.0,0.0,0.0
0.93,memory_bon,1,true_return,-4.482777777777777,-6.530083333333334,-2.492694444444445
0.93,memory_bon,1,proxy_score,-7.29426251151652,-8.513565309127545,-6.057665028982789
0.93,memory_bon,1,proxy_true_gap,-2.8114847337387414,-5.845799585000604,0.5914452879423252
0.93,memory_bon,1,hallucinated_rollout,0.0,0.0,0.0
0.93,memory_bon,1,retrieval_precision,0.07561728395061725,0.057098765432098714,0.09336419753086417
0.93,memory_bon,1,retrieval_stale_rate,0.9243827160493827,0.9058641975308641,0.9421296296296295
0.93,memory_bon,1,diagnostic_risk,1.1813057556316435,1.1181676238920064,1.2490308767299334
0.93,memory_bon,4,true_return,-10.651111111111113,-11.600555555555557,-9.698333333333334
0.93,memory_bon,4,proxy_score,-3.3347861261245284,-3.8002654282809387,-2.8971967825974287
0.93,memory_bon,4,proxy_true_gap,7.316324984986583,5.834054963381583,8.737636769646217
0.93,memory_bon,4,hallucinated_rollout,0.05555555555555555,0.0,0.16666666666666666
0.93,memory_bon,4,retrieval_precision,0.07716049382716045,0.06249999999999995,0.09336419753086417
0.93,memory_bon,4,retrieval_stale_rate,0.9228395061728395,0.9066358024691359,0.9375
0.93,memory_bon,4,diagnostic_risk,1.1676554185718244,1.1172021140490196,1.2221141111805085
0.93,memory_bon,16,true_return,-12.994444444444447,-13.506194444444446,-12.422138888888892
0.93,memory_bon,16,proxy_score,-2.2158090512610205,-2.521110990894966,-1.9193447715756171
0.93,memory_bon,16,proxy_true_gap,10.778635393183425,9.996645114679861,11.521333950480038
0.93,memory_bon,16,hallucinated_rollout,0.2777777777777778,0.1111111111111111,0.5
0.93,memory_bon,16,retrieval_precision,0.06790123456790119,0.050154320987654266,0.08564814814814811
0.93,memory_bon,16,retrieval_stale_rate,0.9320987654320988,0.9128086419753085,0.949074074074074
0.93,memory_bon,16,diagnostic_risk,1.1475058223892642,1.105598137035635,1.1926503742787515
0.93,memory_bon,64,true_return,-13.570000000000002,-14.017777777777779,-13.014444444444447
0.93,memory_bon,64,proxy_score,-1.9734767372468096,-2.240439135591783,-1.7096719641524079
0.93,memory_bon,64,proxy_true_gap,11.59652326275319,10.772986046788917,12.228983304576985
0.93,memory_bon,64,hallucinated_rollout,0.4444444444444444,0.2222222222222222,0.6666666666666666
0.93,memory_bon,64,retrieval_precision,0.06249999999999994,0.04861111111111105,0.07716049382716046
0.93,memory_bon,64,retrieval_stale_rate,0.9375,0.9228395061728395,0.952932098765432
0.93,memory_bon,64,diagnostic_risk,1.1712612565574358,1.1167822426131733,1.229325840422854
0.93,oracle_memory_bon,1,true_return,-4.482777777777777,-6.587305555555556,-2.647777777777778
0.93,oracle_memory_bon,1,proxy_score,-4.864722336476359,-6.48209008920459,-3.436083641193272
0.93,oracle_memory_bon,1,proxy_true_gap,-0.38194455869858157,-1.2713682120957,0.5402370871164583
0.93,oracle_memory_bon,1,hallucinated_rollout,0.0,0.0,0.0
0.93,oracle_memory_bon,1,retrieval_precision,1.0,1.0,1.0
0.93,oracle_memory_bon,1,retrieval_stale_rate,0.0,0.0,0.0
0.93,oracle_memory_bon,1,diagnostic_risk,0.1517861112629119,0.09425736946014718,0.22472601081246465
0.93,oracle_memory_bon,4,true_return,-1.8094444444444444,-2.9812777777777786,-0.9777777777777779
0.93,oracle_memory_bon,4,proxy_score,-2.7034223965420905,-3.5394670081635504,-2.0192348990096756
0.93,oracle_memory_bon,4,proxy_true_gap,-0.8939779520976463,-1.5362740003604263,-0.21753414395397241
0.93,oracle_memory_bon,4,hallucinated_rollout,0.0,0.0,0.0
0.93,oracle_memory_bon,4,retrieval_precision,1.0,1.0,1.0
0.93,oracle_memory_bon,4,retrieval_stale_rate,0.0,0.0,0.0
0.93,oracle_memory_bon,4,diagnostic_risk,0.14823879292523467,0.1060894489149796,0.1922920980993812
0.93,oracle_memory_bon,16,true_return,-1.4961111111111112,-1.947222222222222,-1.0878750000000057
0.93,oracle_memory_bon,16,proxy_score,-1.9170170290014015,-2.3667343906626743,-1.4905086061069757
0.93,oracle_memory_bon,16,proxy_true_gap,-0.4209059178902903,-1.0594001445599814,0.23960057839864005
0.93,oracle_memory_bon,16,hallucinated_rollout,0.0,0.0,0.0
0.93,oracle_memory_bon,16,retrieval_precision,1.0,1.0,1.0
0.93,oracle_memory_bon,16,retrieval_stale_rate,0.0,0.0,0.0
0.93,oracle_memory_bon,16,diagnostic_risk,0.15814579997344624,0.1102186924404962,0.2219151297063767
0.93,oracle_memory_bon,64,true_return,-2.3444444444444446,-2.7250000000000005,-2.0683333333333334
0.93,oracle_memory_bon,64,proxy_score,-1.7137885541149716,-2.1851086090684846,-1.2666900230312044
0.93,oracle_memory_bon,64,proxy_true_gap,0.6306558903294728,0.034375337651550875,1.301932587037347
0.93,oracle_memory_bon,64,hallucinated_rollout,0.05555555555555555,0.0,0.16666666666666666
0.93,oracle_memory_bon,64,retrieval_precision,1.0,1.0,1.0
0.93,oracle_memory_bon,64,retrieval_stale_rate,0.0,0.0,0.0
0.93,oracle_memory_bon,64,diagnostic_risk,0.15791868468998801,0.10939227588512389,0.21734774802976448
0.93,repaired_memory_bon,1,true_return,-4.482777777777777,-6.476111111111112,-2.4760277777777784
0.93,repaired_memory_bon,1,proxy_score,-6.107348601112789,-7.150943623249551,-5.1482008373176615
0.93,repaired_memory_bon,1,proxy_true_gap,-1.6245708233350111,-2.7046002912138905,-0.5622043495760932
0.93,repaired_memory_bon,1,hallucinated_rollout,0.0,0.0,0.0
0.93,repaired_memory_bon,1,retrieval_precision,0.442550505050505,0.37624684343434334,0.5037878787878788
0.93,repaired_memory_bon,1,retrieval_stale_rate,0.5574494949494949,0.490530303030303,0.6218434343434343
0.93,repaired_memory_bon,1,diagnostic_risk,1.1367847239929603,1.0515302857924236,1.2179364325187507
0.93,repaired_memory_bon,4,true_return,-1.8127777777777776,-2.9745277777777783,-1.0216666666666667
0.93,repaired_memory_bon,4,proxy_score,-4.427761601060827,-5.047276731942965,-3.9515006163464617
0.93,repaired_memory_bon,4,proxy_true_gap,-2.6149838232830493,-3.178618929865417,-1.965760536481701
0.93,repaired_memory_bon,4,hallucinated_rollout,0.0,0.0,0.0
0.93,repaired_memory_bon,4,retrieval_precision,0.3964646464646464,0.33459595959595956,0.4627525252525252
0.93,repaired_memory_bon,4,retrieval_stale_rate,0.6035353535353536,0.5359690656565655,0.6635101010101009
0.93,repaired_memory_bon,4,diagnostic_risk,1.1260901331309436,1.0552195353986915,1.1934857966562298
0.93,repaired_memory_bon,16,true_return,-1.438888888888889,-1.7822222222222226,-1.0383333333333333
0.93,repaired_memory_bon,16,proxy_score,-3.6647943756339907,-3.986334325256418,-3.318290674453523
0.93,repaired_memory_bon,16,proxy_true_gap,-2.2259054867451025,-2.8192417063780684,-1.6526778818149208
0.93,repaired_memory_bon,16,hallucinated_rollout,0.0,0.0,0.0
0.93,repaired_memory_bon,16,retrieval_precision,0.34532828282828276,0.29797979797979796,0.39078282828282823
0.93,repaired_memory_bon,16,retrieval_stale_rate,0.6546717171717171,0.6066919191919192,0.7032828282828283
0.93,repaired_memory_bon,16,diagnostic_risk,1.2080022812790643,1.1264787649750052,1.2874774086398832
0.93,repaired_memory_bon,64,true_return,-2.0683333333333334,-2.24,-1.8966666666666667
0.93,repaired_memory_bon,64,proxy_score,-3.231414654517585,-3.5687744264330297,-2.908524892027908
0.93,repaired_memory_bon,64,proxy_true_gap,-1.1630813211842512,-1.556022508016507,-0.7487881538427356
0.93,repaired_memory_bon,64,hallucinated_rollout,0.0,0.0,0.0
0.93,repaired_memory_bon,64,retrieval_precision,0.3238636363636363,0.273342803030303,0.3705965909090908
0.93,repaired_memory_bon,64,retrieval_stale_rate,0.6761363636363636,0.6243686868686869,0.7253787878787878
0.93,repaired_memory_bon,64,diagnostic_risk,1.2230371281694055,1.1496996240653268,1.2980610767728125
